,seller_name,seller_id
0,Thiên Ân Balo,1
1,SHOP THỜI TRANG 2N,2
2,Xưởng may balo Đà Nẵng,3
3,BB Outlet,4
4,Mavishop,5
5,Baotrannailmi,6
6,MIDORI,7
7,Shalla,8
8,Siêu thị đồ chơi Vpp Minh Ngọc,9
9,Kho hàng Thảo Trang,10
10,Sukashop86,11
11,Qshopnew,12
12,Kho hàng Phú Lợi,13
13,Cherry Sweet,14
14,Ruby Yame,15
15,Linhkiensgstore,16
16,Thành Đạt Store,17
17,Everza,18
18,GOODSHOPGOODSHOP,19
19,An An Shopp,20
20,Vật tư điện lạnh HK,21
21,tiện ích sài gòn,22
22,The Alice Store,23
23,EMELY BOUTIQUE,24
24,thocamkimanh,25
25,Win win store,26
26,Quốc Bảo,27
27,Baotramstore,28
28,Shop Long Tuấn,29
29,Aomi Store,30
30,Gennewshop,31
31,BEOGIFTSHOP,32
32,Song An Eco,33
33,Aomivn,34
34,SƠ SINH GẤU KIDS,35
35,Bách Hóa Shop HN,36
36,XỐP DÁN TƯỜNG 3D BÌNH TÂN,37
37,XỐP DÁN TƯỜNG 3D TÂN PHÚ,38
38,Mi Hoàng Gia,39
39,DIỄM MY STORE,40
40,Balo Teen,41
41,BEE GEE SHOP,42
42,Pumboo,43
43,YouAndMe,44
44,MinhQuân Shop,45
45,Haki boutique,46
46,M Y L A,47
47,ZENFAS,48
48,ĐỒ DA THÀNH LONG TLG,49
49,Vạn Tín Store,50
50,Shop me nhim xinh,51
51,shop quỳnh tiến,52
52,HARASMALL,53
53,Kakiba Shop,54
54,Ant home,55
55,KODOROS BAG,56
56,Ohazo,57
57,KME,58
58,DC MART,59
59,Bộ Dây Vòi Xịt Tăng Áp,60
60,SIMBA Shop,61
61,TLG Đồ Da Thành Long,62
62,DoubleK,63
63,Balo túi xách rẻ đẹp,64
64,BU STORE,65
65,Quân fashion shop,66
66,TC-FASHION,67
67,TLG GOLD,68
68,ATN SYSTEM,69
69,THỜI TRANG PHỤ KIỆN,70
70,KB FASHION,71
71,Gia dụng Vũ Đảng,72
72,Túi xách tlg,73
73,Giày dép TLG,74
74,XE HỊN,75
75,LINDA FASHION,76
76,Đồ Lót 24h,77
77,MONSSHOP,78
78,Xưởng sỉ Nami,79
79,VƯƠNG HUY TUẤN,80
80,Leemee 2000,81
81,Duy Hùng Đồ Da Công Sở,82
82,Lê Ngọc Trâm Shop,83
83,StarSmart,84
84,PhuongLinhMT,85
85,ALOHA STYLE,86
86,MinhVy Store,87
87,Huy Khang Store,88
88,Market Hà Đông 84,89
89,Bosumy Store,90
90,Praza,91
91,Yến Gia Dụng,92
92,Evashop688,93
93,Túi Vải May tuivaimay,94
94,SHOPMOON,95
95,THANH PHÚC SHOP,96
96,MOHI,97
97,Galaxy Store,98
98,ShopLucky,99
99,Bách Hóa 247 online,100
100,Shop Thu Huyền,101
101,Én bay 24h,102
102,NHÀ SÁCH TRUNG NGUYÊN,103
103,Store Hương Nguyễn,104
104,Gia dụng shop 666,105
105,HANATUI,106
106,Sono Store,107
107,giadungviet8668,108
108,Nón Hiền,109
109,SVN Leather Da Thật Đẳng Cấp Thật,110
110,P L A Y B O Y S H O P,111
111,Thanh Hà baby Shop,112
112,Gia Bảo Closet,113
113,Gia dụng Cao Tuấn,114
114,Liên Minh 1974,115
115,PhuKienMini,116
116,Doky Việt Nam,117
117,Gia Dụng Ngôi Nhà Xanh,118
118,Siêu thị tiện ích,119
119,CoCa Shop,120
120,valishop,121
121,Sportee,122
122,Home Decor Furniture,123
123,Shop may thêu tay Kim Phượng,124
124,Ananshop688,125
125,1988storesg,126
126,TonyHome Decor,127
127,Balo Tien Backpack,128
128,Gia Dụng Diggory,129
129,Mr Vui,130
130,IbagStore,131
131,Thế giới balô,132
132,GIO 8188,133
133,Khogiadunghuonghuong,134
134,SkyLife,135
135,HASAN,136
136,BALO MỚI,137
137,Rivacase Official Store,138
138,Thời Trang Rose Shop,139
139,Arte Bags,140
140,EuroDecor,141
141,Hanrui Shop,142
142,Lamina Spa và làm đẹp,143
143,Đồ gia dụng thủ đức 85,144
144,Rabbit Lab,145
145,FashionSOL,146
146,Shop Mộc Anh,147
147,Bao Bì Hiếu,148
148,wendyshop,149
149,GK HOME STORE,150
150,GIADUNG MINHPHUC,151
151,Thời trang Nam Hoàng Minh,152
152,Common House,153
153,VI TÍNH NAM TRUNG HẢI,154
154,shop vui ve vt,155
155,Bách Hóa Huong Trang 2019,156
156,Shop Mạnh Tiến,157
157,Pin Bom Shop,158
158,Hitech07,159
159,Shop Thịnh,160
160,Vietstore24h,161
161,Bách Hóa Gia Dụng Online2,162
162,MuaMuaOnline,163
163,Công Nghệ July,164
164,lame store,165
165,Đông trùng hạ thảo Hoàng Bá,166
166,mini moon,167
167,Kho Hàng Gia Dụng TH 247,168
168,Chai Hũ Lọ Mỹ Phẩm MiuTy,169
169,HN COMPUTER,170
170,linhkien1984,171
171,Điện Tử Bốn Phương,172
172,Taky Home,173
173,Cửa Hàng Tiện Ích Tuấn Phong,174
174,Gia dụng MB,175
175,Phụ Kiện Store 76,176
176,vinet shop,177
177,Anbio Shop,178
178,Văn Phòng Shop 24h,179
179,Trà Đá,180
180,BlueStoreVina,181
181,Phụ tùng xe Thủ Đức,182
182,KoKo Shop,183
183,HAMILY,184
184,Linh Kiện Điện Tử 720,185
185,Bao Bì Yến Hoà,186
186,Trọng Phú mobile,187
187,Bách Hoá Thuận Dung,188
188,Mr Trần,189
189,Vali - Boutique Store,190
190,Shop Tiền Sưu Tập,191
191,Văn phòng phẩm Tiara,192
192,linhkientienphat,193
193,Catan shop Gia Dụng Tiện Ích,194
194,Gia Dụng Báu Phượng,195
195,GiaDungHongDuong,196
196,OanhOanh Accessories,197
197,Gia Dụng Phạm Nguyễn,198
198,Gia dụng thông minh HH,199
199,ThuyDungShop2002,200
200,Gia dụng tiện ích HH,201
201,CONNECT10,202
202,MAGIX,203
203,Dream House 68,204
204,Hương Tiện Ích,205
205,SAKOS Official Store,206
206,Bafaby Kids,207
207,Gia Dụng Henry,208
208,Gearvngaming,209
209,Vân Phong Store,210
210,Homecomputer,211
211,CỦ SU HÀO,212
212,KJ MART,213
213,JAVI SHOP,214
214,Đại lý X26 Lục Quân,215
215,Click&Buy Shop,216
216,BIDIKID,217
217,Vi tính linh kiện Vinh Phúc,218
218,phukienoto S,219
219,Mỹ Phẩm Auth 68,220
220,Chau177,221
221,CÔNG TY VILOCOM,222
222,Hamart Gia Dụng Tiện Lợi,223
223,Shop Tậnnn Tâm,224
224,gia dụng bori 24,225
225,Sweet Lady 013,226
226,Mai Lee House,227
227,Panda.,228
228,Đồ Bảo Hộ Đại An,229
229,TỔNG KHO GIA DỤNG PHÚC LINH,230
230,Túi xách Giahung,231
231,Haha Shop,232
232,tongkholongbienhn,233
233,giadungthongminhthaiha,234
234,Ssshop Phụ Kiện,235
235,GIA DUNG DTH STORE,236
236,BB Vina,237
237,KHO GIA DỤNG TIỆN ÍCH GIA ĐÌNH,238
238,Athayroi39,239
239,HUANMEN,240
240,shop Văn Lang,241
241,HOANG NAM,242
242,CÁNH DIỀU,243
243,CATAN shop,244
244,DỤNG CỤ TIỆN ÍCH 999,245
245,Maykids store,246
246,Bách hóa Châu Lâm,247
247,Mỹ phẩm Trường An,248
248,Homedecornv,249
249,SHOP ANH NGUYÊN 172,250
250,NINE POINT NINE 99,251
251,NPComputer,252
252,Wecan,253
253,Shop E Thương Sỉ Lẻ,254
254,Gu Bag Official Store,255
255,Hà Bắc Computer,256
256,Phụ Kiện Máy Đọc Sáchh,257
257,DoDoDios Official Store,258
258,FroodQ2,259
259,Máy Tính Bảo Minh,260
260,bambini shop,261
261,Vũ studio store,262
262,TIẾN PHÁT STORE,263
263,NgọcMai Store,264
264,HB Beauty,265
265,Thế giới sản phẩm,266
266,GIA DỤNG AN TÂM,267
267,Nhacuagau,268
268,Ống hút cỏ Greenjoy- Grass Straw,269
269,Tiêu dùng thông minh,270
270,IKA Office,271
271,4you,272
272,KandK12 Shop,273
273,Kho hàng Hạnh Phạm SG,274
274,GAGROUP,275
275,My Homie Shop,276
276,Na Tinything,277
277,Saigonfashion6868,278
278,Yume chớp,279
279,NAMDUONG Shop,280
280,TIỆM NHÀ PHANH,281
281,shopcapbalo102,282
282,IDÉP Giày Dép Nam Nữ,283
283,Phước Đồng Hồ,284
284,Maben Khăn phụ kiện và Quà tặng,285
285,Đồ Gia Dụng Nội Thất Đại Dương,286
286,ThùyTrang Sport,287
287,Phụ kiện thể thao NamNam,288
288,Cẩm Hồng Comestic,289
289,GIAN HÀNG ONLINE CHUYÊN NGHIỆP,290
290,Siêu thị Vườn Tre,291
291,Group Case TTM,292
292,An Vũ Techcom,293
293,Tạp hóa Vân An,294
294,Nhung Storage,295
295,Go Inter SimQuocTe,296
296,TAKANO,297
297,KIKOP Store,298
298,Linda87 shop,299
299,Tổng kho Minh Huệ,300
300,Innocare Pharma,301
301,Giadungsaigon1977,302
302,BiStore2020,303
303,Shop Điện Nước Kim Khí Toản Lê,304
304,Văn Phòng Phẩm V20 Hà Nội,305
305,Tiệm khăn Milana,306
306,Fita Sport,307
307,BiBiSport,308
308,Kanna store sg,309
309,nhaxinhxinh,310
310,Legaxi Official,311
311,GÌ CŨNG ĐẸP,312
312,My Home gia dụng thông minh,313
313,Shop Áo Trùm Vỏ Bọc Máy Giặt,314
314,Shopsieu0811,315
315,HANDBAG,316
316,Ghế Nam Việt,317
317,PVmart,318
318,Giày dép HKT Cao Cấp,319
319,PQ'Shop,320
320,Thái Bảo Store,321
321,Dita Store,322
322,FC Furniture,323
323,VALIXINHCHOBE,324
324,Happyhome2077,325
325,OzahaBaby,326
326,Phụ kiện tóc Na’s corner,327
327,uyen97boutique,328
328,Sunna2003,329
329,Shop Thu Vân,330
330,HUYENDUYSHOP,331
331,gia dụng thông minh 668,332
332,Suno store,333
333,Mai Anh House Official Store,334
334,Store MAI decor,335
335,sidogiadung,336
336,Deli Official Store,337
337,Gia Dụng Quốc Thịnh,338
338,Laganic,339
339,VALISHOP247,340
340,Balo học sinh đẹp độc,341
341,Phụ Liệu Minh Thi,342
342,Giờ Làm Đẹp,343
343,Agnite Official Store,344
344,CATANshop túi phụ kiện du lịch,345
345,DANI SHOP,346
346,QuinQuin Store,347
347,Moon Fashion,348
348,Chipchip Nguyen,349
349,Ha Song Shop,350
350,latipi,351
351,MrsTruongShop,352
352,SPK,353
353,Zip A1,354
354,Gia dụng Hoàng Mai,355
355,Huyền Chii shop,356
356,Tổng Kho Gia Dụng Loan,357
357,Nhà sách Có Đủ Cả,358
358,dmastore2,359
359,Cú mèo store,360
360,TAURUS FASHION,361
361,HƯU CƠ ĐẠI NGÀN,362
362,New Sky Shop 18,363
363,Mega mart1,364
364,Gia dụng Hưng Phát Đạt,365
365,FOR HOMÉ,366
366,AINI Shop,367
367,SimQuocTe,368
368,Cửa hàng Trí Thành,369
369,THAN TRE HOẠT TÍNH,370
370,Gia dụng Anh Tuấn,371
371,Ninmine Toys,372
372,Oliver Market,373
373,hàng gia dụng PP,374
374,Thông Minh Tiện Ích shop,375
375,LAKIDO,376
376,Shop Tiện Ích VN,377
377,BHAPPY SHOP,378
378,Khangtran31,379
379,ShopTom365,380
380,ShopNowSG,381
381,GREPACO,382
382,Đồ bơi cho bé Next Step store,383
383,Phụ kiện cho bạn 07,384
384,Cửa hàng Gia Dụng Bến Tre,385
385,Slinen Store,386
386,IMAGIC,387
387,Shop10k,388
388,smartsell3,389
389,dochoixehoi S,390
390,Mevabe1688,391
391,Chôm Kids Đồ Chơi Trí Tuệ Cho Bé,392
392,Vando Official Store,393
393,Vật Tư Y Tế Đức Anh,394
394,LÊ THỊ HƯƠNG VIỆT BẢO TÍN,395
395,Siêu tiện ích 24H,396
396,Công nghệ Song Tín,397
397,TranThinh Auto,398
398,kosuytu,399
399,Thời trang công sở SB,400
400,Siêu Thị Đa Ngành,401
401,NOLOSHOP,402
402,cuahangbachhoaonline278,403
403,Mincloset,404
404,2MStore HP,405
405,nganhasg82,406
406,Chuyên Decal,407
407,Borofone Việt Nam,408
408,Banbuonsile,409
409,Tinhtebeauty,410
410,Tổng kho buôn đồ lót koto,411
411,Smarthome29,412
412,Onion Decor,413
413,MAY STORE 1996,414
414,Baymax Shop,415
415,hanghot,416
416,Mua Bán Phụ Kiện,417
417,Kho gia dụng TB1988,418
418,GIA DỤNG CHI CHI,419
419,Hải Én Store,420
420,Gia dụng tiện ích Phủ Quỳ,421
421,Trip Official Store,422
422,Shop Tiện Ích Gia Dụng SG,423
423,Pi Max Store,424
424,CÔNG NGHỆ TẦM NHÌN,425
425,Gia Dụng Đỗ Phượng,426
426,An An Store,427
427,BiBonStore,428
428,Chanh House,429
429,Zen,430
430,Hy Hy Shop,431
431,SOTAGO,432
432,Tấn Phát HCM,433
433,ZPa Shop,434
434,Côngty TNHH Nguyên Liệu Y Phục,435
435,Đồ Lam Đi Chùa Hoa Sala,436
436,Bách Hóa Hồng Hạnh 2009,437
437,ShopAnZ,438
438,Bờm Boutique,439
439,Y Tế Lộc,440
440,Titeck,441
441,Tỷ Lợi,442
442,TS HCM STORE,443
443,Lala House,444
444,Sweet Spot,445
445,HAPPY HOME STORE,446
446,Shop KOI,447
447,Tạp hóa Chun,448
448,GIA DỤNG NGỌC LÂM,449
449,Smart Trading,450
450,Siêu Rẻ Giá Tốt,451
451,HALOTA,452
452,Bột Mì House,453
453,SAY HAPPY STORE,454
454,TATIHO,455
455,Túi xách Mirror Towers,456
456,Prowin,457
457,Mymy shop,458
458,Shop hàng tốt,459
459,BALO DEAL,460
460,Smart Sport,461
461,Minh Kiệt Sport,462
462,Áo Thun LIMAC,463
463,Thời trang YME,464
464,Bag Story,465
465,quà tặng tổng hợp,466
466,Number One Fashion,467
467,Shop Đồ Phượt Sài Gòn,468
468,Maya Studio SG,469
469,Dụng Cụ Sport,470
470,Bách hóa NaNa,471
471,MPPshop,472
472,MIA vn Official Store,473
473,NPP Kim Trường Phú,474
474,Trương Gia Túi Vải Túi Canvas,475
475,thethao365,476
476,Danfashion,477
477,Thao Huynh Fashion,478
478,3158Store,479
479,Gia dụng tiện ích store,480
480,CrabitNoteBuck,481
481,Gỗ trang trí quà tặng nàng tre,482
482,Gia Nguyễn Pro Store,483
483,Song Sinh Manga Shop,484
484,QueenStore,485
485,CHẤN NGUYÊN 69 PHỔ QUANG,486
486,Văn Phòng Phẩm Lệ Phùng Hưng,487
487,TRANG HA NOI SHOP,488
488,TANACHIRA,489
489,Supersports Vietnam,490
490,HTS Store,491
491,Ánh Mai Shop,492
492,Design Sam,493
493,Bùi Việt Anh,494
494,Vconeshop,495
495,SmartMenVN,496
496,Đồ chơi vải PiPo,497
497,MUA SẮM HẠNH PHÚC,498
498,KRT Fashion,499
499,Nhi Khuc Shop,500
500,Bom shop Đà Nẵng,501
501,Nhà sách Fahasa,502
502,BIS Sport,503
503,5THEWAY,504
504,KimThoa Shop,505
505,GấuMẹ Shop,506
506,Siêu thị tại nhà sg01,507
507,Dou Collection,508
508,Chutchutote Store,509
509,Shopthucung,510
510,Lộc Phát Tool,511
511,Mesa Jewelry,512
512,Túi Xinh 47,513
513,Bao bì Đức Đăng,514
514,SIÊU THỊ ONLINE 360,515
515,HDC Home,516
516,VOLINH,517
517,Cửa Hàng Balo,518
518,Balonation,519
519,US ARMY OFFICIAL,520
520,TiGI HOUSE,521
521,Arctic Hunter Official Store,522
522,Tama Luggage,523
523,Lucy Furniture,524
524,Luxfifashion,525
525,LAZA Official Store,526
526,A Bảo Store 88,527
527,Đi Outdoor,528
528,TDBOOK,529
529,Gối cột sống TN,530
530,House Of Luggage,531
531,WinWinShop,532
532,NhaCungCap,533
533,KTP Store,534
534,Thời trang Đồ Lính,535
535,TOPTOPSTORE,536
536,Vân Nhi Shop,537
537,FADA SHOP,538
538,DILDU,539
539,BoBo Store,540
540,SONG LONG MEDIA,541
541,shopHD,542
542,Miti Official Store,543
543,PhucKhangshop,544
544,S2Tech Store,545
545,DORON MART,546
546,NAVICOM,547
547,KhangPhuc,548
548,Balo Túi Xách 3979,549
549,AI Smart Home,550
550,Đại lý đồ gia dụng LUCY,551
551,Euro Home,552
552,Balo Laptop Thời Trang Hải Phòng,553
553,Thotrang,554
554,NATOLI OFFICIAL,555
555,shopthoitranganhnguyen,556
556,Cùng Trải Nghiệm Store,557
557,Lexon Official,558
558,MYHADA,559
559,BaloHome,560
560,PICANO STORE,561
561,MT Tây Bắc 87,562
562,Vua balo,563
563,Mieumade Mikkor,564
564,Thời Trang Công Sở HH,565
565,muasam 247,566
566,BackpackWorld,567
567,Balo thời trang,568
568,HTH Store,569
569,BENNORA STORE,570
570,Amazing Garden 8994,571
571,STORE HT,572
572,HT Sports Official,573
573,Salomon vietnam,574
574,Matador Official Store,575
575,Riki Shop,576
576,Hoàng Hải Store,577
577,Hatsu Official Store,578
578,True-shop88,579
579,MrBishop,580
580,TTWN BEAR,581
581,NKshop02,582
582,shopCoD,583
583,WearVN,584
584,All Store Tiện Ích Thông Minh,585
585,Sinhan Shop,586
586,Family Camping,587
587,LATA OFFICIAL,588
588,MiiZzu Bags,589
589,Gia Mẫn,590
590,Amooystore,591
591,hahanguyen,592
592,binbongshop,593
593,TRESETTE OFFICIAL,594
594,BẢO HỘ NGỌC KIÊN,595
595,AnKhangShop,596
596,Cặp sách đi học,597
597,Mei Huntington Beach,598
598,TH VALI,599
599,CST Telecom,600
600,YEBISU VIET NAM,601
601,TOPSTORE,602
602,thoitranganhnguyen,603
603,TLC Trading,604
604,ShopBuonTuiXach,605
605,Đồ Đua Xe,606
606,Đồ Câu Cá Thành Tuy,607
607,Gentlemen,608
608,ODIN FASHION,609
609,Chuyen Hang Hot,610
610,KOS SHOP,611
611,Thế Giới Balo Xbags,612
612,giadungtonghop,613
613,Tiện nghi,614
614,EFORA OFFICIAL,615
615,DOPAMINE,616
616,Store Việt,617
617,Song Hân Sport,618
618,Umove,619
619,XShop Balo Túi xách,620
620,Balo Lubion,621
621,MALENICS,622
622,Dolanto,623
623,Gara20 Mũ Bảo Hiểm Đồ Bảo Hộ,624
624,IDIGO,625
625,Saigon Swagger,626
626,Balo Túi xách Trung Nguyên TNShop,627
627,topsone,628
628,SAO VIỆT STORE,629
629,I LOVE BAKERY,630
630,Vua Xe Đạp,631
631,Chuyên Đồ Dùng Học Tập,632
632,KeepFood,633
633,Đồ câu MT87,634
634,HOANG YEN 94 SHOP,635
635,ĐẮC CHÁNH,636
636,Nhiluxury Shop,637
637,HL Store,638
638,Khánh Lam Store,639
639,Dii B Shop,640
640,Thế Giới Balo Đẹp Balodep Shop,641
641,TNShop Thời Trang Trung Nguyên,642
642,Yoosoo shop,643
643,Robin,644
644,Shop HayHo,645
645,TNBags,646
646,Trung Nguyen Fashion,647
647,AVmenshop,648
648,Bin Original,649
649,Cửa hàng đồ gia dụng Quyết Thu,650
650,GOKING,651
651,Thế Giới Nhạc Cụ Trung Nguyên,652
652,Túi Xinh Store 2022,653
653,al0ha Shop,654
654,Thời Trang BBKids,655
655,Nhật Dương Shop,656
656,Shop phụ kiện ô Macsim,657
657,M RYU SHOP,658
658,Shop Năm Sao,659
659,SHOPTHANHHOA,660
660,Dum Bum Store,661
661,Vikicare Shop,662
662,Nhà Giả Kim,663
663,IOI Store,664
664,Besti,665
665,Venie,666
666,American Tourister Flagship Store,667
667,Vstar Technology Store,668
668,Targus Official Store,669
669,THÊ GIƠI BALO 2,670
670,Gold,671
671,K and V style,672
672,Dong Duong Group,673
673,Giga Digital,674
674,Sagobike,675
675,508shop,676
676,HomeAndGarden,677
677,Samsonite Flagship Store,678
678,Tech Shark,679
679,Tomstore28 Hương Viên,680
680,TrustBuy,681
681,Divoom Official Store,682
682,Hoằng Quân,683
683,DDHCM STORE,684
684,UAG OFFICIAL STORE,685
685,Balo xinh,686
686,TÚI ĐEO CHÉO NAM,687
687,NASI Store,688
688,Thang Store,689
689,HienTran,690
690,KHALY SHOP,691
691,Dâu Đen,692
692,Tín Sonic Shop,693
693,Tiến Trung Computer,694
694,Thanh Tung international,695
695,Túi xách chip,696
696,Đồ Chơi Công Nghệ 29,697
697,Long Hưng TechZone,698
698,Bao Ha Leather,699
699,Gaming phone,700
700,Lug Official Store,701
701,Cặp túi Sơn Thủy,702
702,DULILA STORE,703
703,BALO HASUN,704
704,FA Shop,705
705,TOPBAG Vali Balo Túi,706
706,chototcom,707
707,TULI Bag Store,708
708,ShopMC,709
709,TOMTOC Flaship official store,710
710,Fatuno,711
711,Lugbro Hóc Môn Store Bảo Bảo,712
712,NICE VILLA,713
713,KG Sport,714
714,Skyshopping,715
715,Timberland Official Store,716
716,ZoZo Sport,717
717,HP HCH STORE,718
718,HUTA HOUSE SHOP,719
719,Sport New Store,720
720,688 Store,721
721,Thưởng Ngọc Sport Store,722
722,xinhhoang91,723
723,Xưởng Quần Áo Nữ,724
724,Ope Store,725
725,Hanyshop,726
726,TÚ MỠ SHOP,727
727,DinoBags Factory,728
728,vuatintac,729
729,FALDO,730
730,7U Shop,731
731,SHOP BALO TEEN 88,732
732,Quốc Khánh 9696,733
733,Siêu Thị Cần Câu Máy Câu,734
734,Viet Outlet,735
735,STORE AD,736
736,Napu Coner,737
737,CH95 STORE,738
738,Phong Biển Shop,739
739,HDStore34,740
740,MISA Shop,741
741,ST Handbag,742
742,BÁCH HOÁ TỔNG HỢP NEWSTAR,743
743,SHOP 9494,744
744,Đồ Phượt Việt Nam,745
745,XXME,746
746,Kactusvn,747
747,Quần Áo Túi Xách Quỳnh Trâm,748
748,adoda,749
749,Kapi pet shop,750
750,FADODA,751
751,KOJIBA Official Store,752
752,Happy Bo Store,753
753,SIMPLECARRY,754
754,MIN BAG STORE,755
755,TrendMQ Store,756
756,Sully Bag Store,757
757,GOLOV STORE,758
758,Boxing Saigon,759
759,Sneaker Buzz,760
760,Xoàii Shop,761
761,DVSL,762
762,HAVIAS,763
763,Giobien,764
764,thoitranghuonggiang,765
765,Siro Shop 2017,766
766,TÓC GIẢ NEW,767
767,Heechan Shop,768
768,loafdesign,769
769,Cửa hàng điện tử Thanh Xuân,770
770,hotchilishop,771
771,thamlc,772
772,Bảo Quân Auto,773
773,orangeshop2015,774
774,OST store,775
775,Bagsell Fashion,776
776,Leestore,777
777,Linda House,778
778,Bống totoro,779
779,DKMV,780
780,Nhà sách Chi An,781
781,Huyền Fashion Store,782
782,KODOMOSHOP,783
783,Tamayoko Official,784
784,Shop online 1703,785
785,DEVO SHOP,786
786,Sanboutique,787
787,CửaKhẩu24TV,788
788,SHOP NHẤT CON,789
789,Kingbason Vua túi chống sốc Laptop,790
790,Ntcstore,791
791,NgocKhoa01,792
792,SUN MOON,793
793,Lahutech,794
794,Thanhphukien,795
795,phukienmayanh,796
796,Bubucase,797
797,Balo Cặp Túi Unisex,798
798,Lucas Combo,799
799,GIA DỤNG VIỆT,800
800,MacbookShop,801
801,TUXA STORE,802
802,Shop đồ chơi trẻ em KIM LONG,803
803,Văn phòng phẩm Thịnh Phát,804
804,An Store shop,805
805,HLA SHOP,806
806,TAIKESEN,807
807,Vinastore,808
808,Rubik Balo,809
809,HKD NGUYỄN THỊ HIỀN,810
810,Văn phòng phẩm Trí Tín,811
811,BÒN BON STORE,812
812,Shop Gia Dụng Tiện Lợi,813
813,icombo,814
814,Hải Vương Tinh,815
815,GuCase,816
816,Hyper Flaship official store,817
817,THẾGIỚICAHÁT,818
818,Công Nghệ Vui,819
819,TrangTuan store,820
820,QUÀ TẶNG STORE,821
821,WiWU Official Store,822
822,Phụ Kiện Thể Thao Tiến Sport,823
823,Cobala Ví Túi Xinh,824
824,ShopCoral,825
825,Siêu Quần SHOP,826
826,CIVIP Technology,827
827,Mido Store,828
828,quần áo mạnh linh,829
829,Hiệu Sách Văn Minh,830
830,crystalhouse,831
831,Văn phòng phẩm hiền tú,832
832,Shopxuka2244,833
833,Le Hobbies,834
834,Slc S tore,835
835,Nhà Sách Văn Minh,836
836,HoangHai store,837
837,Lugbro Vietnam,838
838,hutaleahter,839
839,ELECOM store,840
840,PHUKIEN33,841
841,HomeEasy Official Store,842
842,FT&T,843
843,Shop Mrhi,844
844,Phương Anh Shop Thời Trang,845
845,Hangchinhhieu(TP.HCM),846
846,Tràng Cường Store,847
847,Lọ Lem Boutique,848
848,Siêu Thị Hạnh Phúc Happy Shop,849
849,phukienthienthanh,850
850,KIM PHA LAN CHI,851
851,Nghĩa Nail,852
852,MBphukien,853
853,Tổng kho Balo Triết Giang,854
854,Bamozo Official,855
855,ĐỒ GIA DỤNG SG,856
856,Ck House,857
857,Đồ Gia Dụng Hoàng Anh,858
858,Gia Dụng Đăng Khôi,859
859,BikerZONE,860
860,Philips Chăm Sóc Cá Nhân VN,861
861,THIẾT BỊ Y KHOA DƯỢC PHẨM BSVIET,862
862,Men Stay Simplicity Store,863
863,Comliti Shop,864
864,Tiện ích 24h Store,865
865,Buistore68,866
866,Vstore,867
867,DOOSON VINA,868
868,Áo mưa song thiên,869
869,Dr ForHair Official Store,870
870,Miley Lingerie,871
871,shopchoang,872
872,Onways Official,873
873,ShopNgocChauhn,874
874,BCB VIỆT NAM,875
875,XuKa Center Shop,876
876,Hộp Đựng Quần Áo Chia Ngăn,877
877,Lập Trình Nhúng AZ,878
878,Hali2020,879
879,Kilometre Zero,880
880,shop đồ bầu và sau sinh,881
881,Shop quà lưu niệm Quyên Di,882
882,Lộc Vạn Xuân,883
883,Kho tranh 9999,884
884,Phụ Kiện Moa,885
885,Tổng Kho Gia Dụng Hải Đăng,886
886,Candy Craft,887
887,Gia Dụng ATZ,888
888,E Green Dùng 1 Lần,889
889,2 Phượt Store,890
890,Thảm sàn và phụ kiện ô tô,891
891,D and D House,892
892,CORAN STORE,893
893,Y Tế Gia Đình Phương Anh,894
894,Moonuji,895
895,HKT Home Shopping,896
896,Siêu thị Gia dụng 24h,897
897,MSOFTVN,898
898,Trung tâm thương mại Tuấn Bình,899
899,Siêu Thị Linh Kiện,900
900,Điện Gia Dụng kim khí Hoàng Gia,901
901,Kingler Official Store,902
902,Dụng cụ y khoa Hoàng Châu,903
903,Nhà sách Ánh Dương,904
904,Lại Đây Shopping,905
905,Thế Giới Đồ Câu Cá,906
906,Yen Vi Shop,907
907,lót giày,908
908,Yennhi Thời Trang Quảng Châu,909
909,BỤI VN,910
910,Valirebendep Chuỗi cửa hàng,911
911,BẢO HỘ LAO ĐỘNG ĐẠI AN PPE,912
912,Cửa tiệm ABODO,913
913,SMANO,914
914,Decal3A,915
915,Vpp Giấy in nhiệt Hải Đăng,916
916,Gia Dụng Thông Minh Luxury,917
917,Gia dụng thanh hằng shop,918
918,MarryStore,919
919,Dothada Khóa,920
920,Ngô Thành Lợi Store,921
921,Hanvimall,922
922,Saigonir,923
923,ETOMAX,924
924,Gia dụng Thành Ốc,925
925,TN Living,926
926,MUCAR,927
927,ShopTHO HN,928
928,THỊNH PHÁT SHOP,929
929,SURISHOPONLINE,930
930,MarukoStore,931
931,VaLi Và Phụ Kiện Đồ Da,932
932,Thùy Nhiên Mỹ phẩm Makeup,933
933,The Slice,934
934,THE GEM,935
935,Đồ gia dụng hưng yên,936
936,Nội thất Lê Gia Luxury,937
937,Miban store,938
938,THIẾT BỊ DỤNG CỤ PHÁT TIẾN,939
939,SUVINA,940
940,Gia dụng đẹp Hàng Bông,941
941,Bee Stores,942
942,Siêu Thị Tân Thời,943
943,THIẾT BỊ TẤN PHÁT STORE,944
944,hotphukien,945
945,Shop phan,946
946,Kaiwon sport,947
947,Shop Điện Nước Gia Dụng,948
948,phukienmacsimlieu,949
949,1naichuoi9 store 01,950
950,Dzô Mart Online,951
951,TỔNG KHO TIỆN ÍCH HN,952
952,Nội Thất Topsky,953
953,Owl Gift shop,954
954,GD Tiến Phát,955
955,Hi Buddy Shop,956
956,Cappiano Home,957
957,Linh Kiện 024,958
958,Taphoapiupiu,959
959,Tongkhothietbivesinh,960
960,Suka Store,961
961,Shop Phương Bảo,962
962,Hoa Sala,963
963,Chautfifth,964
964,BSR Shop,965
965,Đèn chiếu sáng ledhanoi,966
966,Shimmer Silver,967
967,AZ68 Store,968
968,Cửa Hàng Đồ Dùng Đồ Chơi Trẻ Em,969
969,Shop MinMin store,970
970,TUCANVAS XƯỞNG CANVAS ECOBAGS,971
971,Shop HBH247,972
972,Kim khí kim anh,973
973,Quả táo cắn dở,974
974,Vòng Đeo Tay Handmade,975
975,Thuần Việt,976
976,Gia Dụng Vbig Mart,977
977,Luke88,978
978,NEOPVN,979
979,Cửa hàng kinh doanh đồ gia dụng,980
980,Kho Xưởng Móc áo và Phụ kiện Shop,981
981,CỬA HÀNG ONLINE UY TÍN,982
982,Tổng kho ACE,983
983,Đồ Câu Cá Giang Nam,984
984,Con cưng ơi,985
985,Phụ tùng phụ kiện Thuận Macsim,986
986,Thiết Bị Thẩm Mỹ Al Beauty,987
987,PHỤ TÙNG XE 3 BÁNH CHU DƯƠNG,988
988,Kho Thẩm Mỹ Xuân Phương,989
989,Home Star Store,990
990,KingSun Vali,991
991,Vali Balo Anh Shop,992
992,VALI BEN DEP,993
993,MACAT OFFICIAL,994
994,my vali,995
995,1991,996
996,Agiadep Brand,997
997,SHOP VƯỜN HẢI ĐĂNG,998
998,Rover,999
999,DOMAVINA,1000
1000,ĐIỆN MÁY GBAT,1001
1001,Gia Dụng Thông Minh Shop,1002
1002,NỘI THẤT COFUHO,1003
1003,thegioicaptuivalybalomothanh,1004
1004,Mishio Kachi Official,1005
1005,Shop VALI thời trang,1006
1006,giadung 01 store,1007
1007,shoptamnham,1008
1008,LINH AN STORE,1009
1009,ITO Cases,1010
1010,VALI KEO LYDIA,1011
1011,Phát Phú,1012
1012,GiaLuan481988,1013
1013,Oclick,1014
1014,Nội thất nhà đẹp Home and Home,1015
1015,Vali Sài Thành,1016
1016,Boss Baby Shop,1017
1017,LIULIU STORE,1018
1018,It Shoop,1019
1019,TỔNG HỢP HẢI ĐĂNG,1020
1020,SUBI SHOP,1021
1021,Shop hàng tổng hợp lanhuong,1022
1022,DAN Western,1023
1023,Redsky,1024
1024,angels2it,1025
1025,H89 store,1026
1026,thethao24/7,1027
1027,Thế giới đồ chơi cho bé,1028
1028,Đồ chơi an toàn cho bé TPHCM,1029
1029,socsoc0208,1030
1030,Vali Balo Lào Cai,1031
1031,phuocminhshop,1032
1032,Liên House,1033
1033,Ant House,1034
1034,home and kitchen store,1035
1035,Vua Đồ Chơi 1501,1036
1036,Thế Giới Trẻ Thơ 103,1037
1037,Trang Trí Nhà Cửa 86,1038
1038,Máy Photocopy Hoàng Nguyên,1039
1039,Thế Giới Tuổi Thơ 151,1040
1040,AN PHAT COMPUTER,1041
1041,Siêu Thị Mini Gia Đình,1042
1042,HANAstore01,1043
1043,Shop Bảo Ngọc phụ kiện cưới,1044
1044,Catisma,1045
1045,hoằng khải,1046
1046,Mekong Craft,1047
1047,Shopgiadungngocminh12,1048
1048,Mỹ Tiên Shop,1049
1049,VƯỜN HẢI ĐĂNG,1050
1050,THIẾT BỊ VỆ SINH NHÀ TẮM THÀNH PHÁT,1051
1051,Quà Tặng Phong Thủy,1052
1052,Leafshop,1053
1053,ALAMO,1054
1054,GIPSY Official Store,1055
1055,LEALUX,1056
1056,Yêu Nhà Bạn,1057
1057,AAA Jeans,1058
1058,THỜI TRANG QUANG STORE,1059
1059,GREENFIELDS COFFEE,1060
1060,New Sports,1061
1061,Lucy Trần,1062
1062,TRONSMART Official Store,1063
1063,Gomia Store,1064
1064,Clover 2020,1065
1065,Deckey,1066
1066,SHOPNHIMCUNG,1067
1067,GreenMall,1068
1068,Tony Accessory,1069
1069,STORETAKA,1070
1070,Tooxy,1071
1071,Thời trang Hậu Giang,1072
1072,SHOPNHIMNHIM,1073
1073,Hi Hat,1074
1074,Anna Trần Shop,1075
1075,hoangvietstore,1076
1076,24CARA Store,1077
1077,TONYSHOP68,1078
1078,ACC HD,1079
1079,D C Store,1080
1080,GEM Fashion,1081
1081,Sportme,1082
1082,QPEAR Thời Trang,1083
1083,COLIEN STORE,1084
1084,THẾ GIỚI ĐỒ NAM,1085
1085,Shop Đức Anh 120721,1086
1086,Vie pro,1087
1087,TÍN NGHĨA,1088
1088,Lê Thị Thêm,1089
1089,giadungtienichthongminhtrademark,1090
1090,Đô Phin shop,1091
1091,4U Shop,1092
1092,Zachi Handmade,1093
1093,PHỤ KIỆN NAM,1094
1094,558 Store,1095
1095,Mualayeushop,1096
1096,97homies store,1097
1097,Duyuyen,1098
1098,HIBU AUTO,1099
1099,Hàng công nghệ An An,1100
1100,Onguct,1101
1101,Sunny Shine,1102
1102,Shop Mall,1103
1103,Shop 24h,1104
1104,SHOP QUỐC ĐẠT,1105
1105,Nam Sơn JR,1106
1106,94K Store,1107
1107,Lala Túi Xinh,1108
1108,Shop Thức Ăn Chó Mèo,1109
1109,BENMAN STORE,1110
1110,DODAVIET99,1111
1111,Soldier Fashion,1112
1112,Hồng Phúc boutique,1113
1113,ĐẠI PHÁT 88,1114
1114,Chuyên Tem Xe Máy Decal Ruby,1115
1115,ACDecor,1116
1116,Linh Sam Store,1117
1117,Bags shop,1118
1118,Davanti,1119
1119,UTi Shop,1120
1120,AllwellShop,1121
1121,HINTAS Official,1122
1122,NEW SKY,1123
1123,TTTShop,1124
1124,SWANBRAND,1125
1125,Công Ty TNHH HIBU,1126
1126,Atuni,1127
1127,Đại Phong 68,1128
1128,Minstore1688,1129
1129,CÔNG NGHỆ GIA DỤNG 139,1130
1130,DILA Accessories,1131
1131,Linh Kiện Số 1,1132
1132,shopSushi,1133
1133,Giadinhshop2020,1134
1134,SOGUTA,1135
1135,HEIKA,1136
1136,Shop đồ da con bò xanh,1137
1137,Shop Kính Mắt AQ,1138
1138,PHL OFFICIAL,1139
1139,14 DEC OFFICIAL,1140
1140,Odinwatch,1141
1141,Max Shop Phụ Kiện Thời Trang,1142
1142,MAI TÀI LỘC,1143
1143,Windywatch,1144
1144,D&D Fashion,1145
1145,Chăm sóc xế yêu,1146
1146,Hungphat,1147
1147,Olux Store,1148
1148,47 SIZE Phụ Kiện Thời Trang,1149
1149,Huệ nguyễn,1150
1150,Heki Shop,1151
1151,Yody watch,1152
1152,Tổng kho phụ kiện ô tô Đức Huy,1153
1153,Canvin watch,1154
1154,Tâm Ngọc cosmetics,1155
1155,Time Watch,1156
1156,Kana BT,1157
1157,Vạn Niềm Tin,1158
1158,Viaipistore,1159
1159,Thế Giới Hàng Quảng Châu,1160
1160,AROTI FASHION,1161
1161,LUKADO,1162
1162,OEM Distributes,1163
1163,Goodshop HN,1164
1164,BỤI LEATHER OFFICIAL,1165
1165,Minh House,1166
1166,TH Leather Đồ Da Thật,1167
1167,COMF Official Store,1168
1168,Beean store,1169
1169,Săn Hàng Rẻ,1170
1170,Seller Hoàng Lagi,1171
1171,Đức Hà Shop,1172
1172,VINAEZ,1173
1173,Chuu’s Corner,1174
1174,LOZADO FASHION,1175
1175,DBT,1176
1176,Lona House,1177
1177,Thời trang xu hướng 90,1178
1178,LuCaTions,1179
1179,Smilelife Mic Thu Âm,1180
1180,Panda mart shop,1181
1181,VIEWSHOP36,1182
1182,Vacimall,1183
1183,Giày nam Many Thanh,1184
1184,Luckky Shop,1185
1185,MICOCAH Official Store,1186
1186,Phụ kiện nam VT,1187
1187,Yolashop,1188
1188,CORADO,1189
1189,BÓP DA NAM,1190
1190,shop gia dụng thanh bình,1191
1191,CEPPE STORE,1192
1192,SHOPWELL,1193
1193,Gấu Bông VNXK Cao Cấp,1194
1194,Vidathat4k,1195
1195,Alpha Eye - Shop Công Nghệ,1196
1196,Giày Huy Hoàng,1197
1197,Shop thể thao thời trang BMT SPORT,1198
1198,AT95 Handmade,1199
1199,Cá Sấu Huy Hoàng,1200
1200,HAMA,1201
1201,ChandoFashion,1202
1202,Porado Legend,1203
1203,LuckyMan Leather,1204
1204,Thời Trang 24h,1205
1205,Birkenbioline,1206
1206,KingsMan88,1207
1207,Thời Trang Da Khôi Nguyên,1208
1208,AROTI A,1209
1209,ZataShop,1210
1210,Duy Nhật,1211
1211,Shop Máy Cắt,1212
1212,Trangnguyễn367,1213
1213,PonyHouse,1214
1214,Store Bảo Anh,1215
1215,DG1SHOP,1216
1216,STORE CH,1217
1217,Trần,1218
1218,PHỤ KIỆN TOP,1219
1219,Minh Sport 2020,1220
1220,Mandino - đồ da cao cấp,1221
1221,UniMart,1222
1222,Huy Hoang Official Store,1223
1223,Happy Care,1224
1224,Thế giới giầy dép 84,1225
1225,LADOTA,1226
1226,shop Thuý Hiền,1227
1227,Khôi Nguyên,1228
1228,Thời trang DOTANA,1229
1229,Khanh Thịnh Shop,1230
1230,opba.vn,1231
1231,TYN Store 568,1232
1232,Teramo store,1233
1233,S N TUIDA.COM.VN,1234
1234,vasake,1235
1235,happy fashion,1236
1236,GENNIN STORE,1237
1237,DODAVIET88,1238
1238,issho,1239
1239,PBA Home Shopping,1240
1240,RIO FASHION,1241
1241,Chúc Liễu Store,1242
1242,VinBuy,1243
1243,Adonis Store,1244
1244,KEIO NIPPON STORE,1245
1245,happydecor1002,1246
1246,Đồ DA HT.Ne O,1247
1247,BIGDREAM HCM,1248
1248,DTLeather,1249
1249,Đồ Da Hà Nam,1250
1250,Kingg ST,1251
1251,Đồ Da Phúc Cs,1252
1252,MIKA COASTER,1253
1253,Thời Trang HOT,1254
1254,Shop Gia Dụng Bình An,1255
1255,Anh Thơ Leather,1256
1256,Nafa Collection,1257
1257,Blanda,1258
1258,Lasersaigon,1259
1259,Shop Bé Thư,1260
1260,Thuý Hiền Shop,1261
1261,Phuonguyen86,1262
1262,Shop đồ da thật,1263
1263,Jun Secret Official,1264
1264,Depvashock.vn,1265
1265,MinoCrafts,1266
1266,Deleather,1267
1267,KhoiVietStore,1268
1268,Róck Cow Shop,1269
1269,Shoes BIGBEN,1270
1270,Lemans Shoes,1271
1271,Ngọc Na shop,1272
1272,Tuấn Minh Shop,1273
1273,LOYLeather,1274
1274,RAM LEATHER,1275
1275,34storevn,1276
1276,ĐỒ DA THẬT JOKLEATHER,1277
1277,VO SHOP,1278
1278,FTT Leather,1279
1279,TTra Real Level From Real Leather,1280
1280,SEAGLE Official Store,1281
1281,Ví Da Nam HD,1282
1282,Shop Đồ Da Handmade,1283
1283,Shop giày da nam DN,1284
1284,ĐỒ DA PHÚC,1285
1285,Toy baby Alice,1286
1286,AROTI,1287
1287,MaxĐộc,1288
1288,Thatlungnam,1289
1289,Ví da Việt,1290
1290,Queen Bee Decor,1291
1291,PHUC 69 STORE,1292
1292,Giày mọi minh khoa,1293
1293,Kantapro,1294
1294,Baby Minh Tú,1295
1295,NGUYEN LEATHER,1296
1296,BTS Fashion,1297
1297,VIETPHONG Official Store,1298
1298,Shop Mèo Tôm,1299
1299,KIEU CPK,1300
1300,Tò Te Tí Decor,1301
1301,SHOP ĐỒ DA XUÂN NAM,1302
1302,LOVERIOUS STORE,1303
1303,Hạo Vũ Store,1304
1304,SHOP PHỤ KIỆN THỜI TRANG HOÀNG HÀO,1305
1305,District M,1306
1306,Ceci Official Store,1307
1307,Shop Đồ Câu Sông Hồng,1308
1308,HoangTrung Shop,1309
1309,Shop Phụ Kiện Nam MIU SHOP,1310
1310,Tôn Ngộ Không Hà Nội,1311
1311,MKL Quốc Tế,1312
1312,Cói and More,1313
1313,SHOP MẠNH TÂM,1314
1314,HOÀNG GIA OFFICIAL,1315
1315,manukleather,1316
1316,JAMLOS,1317
1317,ShopDucThang,1318
1318,THIÊN ÂN CÁ SẤU,1319
1319,C and B Sport,1320
1320,Ovenis,1321
1321,Cửa hàng Xuân Thiện,1322
1322,Tony Tí Hon,1323
1323,Điếu Cày Đẹp Thanh Hóa,1324
1324,Shin Basic,1325
1325,Hải Luxury Hà Nội,1326
1326,Túi đeo chéo Doo Bag,1327
1327,BUFARO,1328
1328,Smarthome24h,1329
1329,Gence Official,1330
1330,YUUMY OFFICIAL,1331
1331,BABYLON STORE,1332
1332,Vũ Xuân Tảo,1333
1333,Aldo Official Store,1334
1334,Valentino Creations,1335
1335,Cửa Hàng Đồ Da Công Sở,1336
1336,DODASHOP,1337
1337,TRUDO,1338
1338,DONGSTORE,1339
1339,Vole Bag,1340
1340,Shop Bích Thảo,1341
1341,Gence Sài Gòn,1342
1342,Gianni Conti,1343
1343,K2 Brand,1344
1344,WT Leather,1345
1345,Thế giới đồ da công sở,1346
1346,MINK Leather,1347
1347,shop86001,1348
1348,ELLY,1349
1349,Shop Huyền Bin,1350
1350,An studio,1351
1351,Elmi Boutique,1352
1352,Minh long shops,1353
1353,Bóp Nịt Da Kim Bảo,1354
1354,Phụ kiện cho macbook,1355
1355,Shop Golf Linh Nhi,1356
1356,HOMME de homme,1357
1357,KHO GIÁ RẺ,1358
1358,ENOLUX,1359
1359,1992 s t u d i o,1360
1360,Mua Là Thích,1361
1361,Green Bags Shop,1362
1362,Smoke LeatherShop,1363
1363,An Vy store,1364
1364,Shop Minh Khôi Mỹ Phẩm,1365
1365,Hộp gỗ thông các loại,1366
1366,Lingha Fashion,1367
1367,GUSA,1368
1368,ONLINE THAI LAND,1369
1369,Đồ Gia Dụng HN,1370
1370,ĐEN Motoshop,1371
1371,Hey You Studio,1372
1372,HT STORE 88,1373
1373,AdamStore99,1374
1374,Golden Shop HN,1375
1375,Chip Xinh Boutique,1376
1376,Shop Xàng,1377
1377,Cún Yêu Shop,1378
1378,HOME DECOR FURNISHINGS,1379
1379,Đồ Câu Sam,1380
1380,Đồ da thật iLeather Store,1381
1381,Shop anhbags,1382
1382,vietcow,1383
1383,XƯỞNG IN ẤN TÚI CỐC DUYÊN TRUNG,1384
1384,Babyking Hàng Đầu Mẹ Và Bé,1385
1385,SAIGIO,1386
1386,HOÀNG HÀ 888,1387
1387,POLOWilliamPOLO,1388
1388,Songhan Leather Official,1389
1389,Đồ da Tâm Anh,1390
1390,Ttrang shop,1391
1391,Khang Leather,1392
1392,SUNPOLO,1393
1393,B21 Shoemaker Official,1394
1394,BopvidaPandago,1395
1395,CAMELIA BRAND,1396
1396,WINSHOP36,1397
1397,Dép doctor 2007,1398
1398,Thu Phan Store,1399
1399,HANGPHUKIEN,1400
1400,Toriko mart,1401
1401,Bigshop6688,1402
1402,Shop Da Hiệu,1403
1403,Ví thắt lưng da cá sấu,1404
1404,THVLeather,1405
1405,Kaibaman,1406
1406,NFT Shop,1407
1407,Thế Giới Da Thật Hà Nội,1408
1408,ClubMen,1409
1409,ThoiTrangTrOanh,1410
1410,NeO Store,1411
1411,Tấn Phát Store,1412
1412,Skind,1413
1413,Khắc Tên,1414
1414,Lux Leather Thời Trang Da,1415
1415,TUẤN LÂM SHOP,1416
1416,Zackmen,1417
1417,Hoa Lâm shop,1418
1418,Zahan,1419
1419,POLO MEISDO Store,1420
1420,Shopbaoda Angel Liu,1421
1421,ĐÔNG HẢI SÀI GÒN,1422
1422,KEM Leather,1423
1423,LATUHA,1424
1424,GoldShop,1425
1425,IFUKI,1426
1426,KALANOS Bóp ví Túi xách Dây nịt đẹp,1427
1427,PABNO VN,1428
1428,LuxWear,1429
1429,iMEN chuyendoda,1430
1430,Cons Phan Thiết,1431
1431,Hệ thống túi ví thời trang,1432
1432,CIMA ASIA,1433
1433,Sirminailshop,1434
1434,THD shop,1435
1435,Đồ Da Tốt Store,1436
1436,bobo shop store,1437
1437,PhuongVellazi,1438
1438,Nuddo,1439
1439,Shop Thành Nhi,1440
1440,Yapishi Leather,1441
1441,Quần áo thời trang Nam nữ 2022,1442
1442,Anh nông dân chính hiệu,1443
1443,Siêu Thị Golf,1444
1444,TIỆN ÍCH NHÀ CỬA MINH TUỆ,1445
1445,TRAPHAR,1446
1446,hangquangchauuytin,1447
1447,tuhuong store,1448
1448,Bulltino Leather,1449
1449,PHỐ LỤC SHOP,1450
1450,NKHSTORE,1451
1451,Đồ Da PhamNguyenLeather,1452
1452,LIDAN Store,1453
1453,LAVATINO OFFICIAL,1454
1454,RUBY2,1455
1455,Melidi,1456
1456,Đồ Chơi A Sam,1457
1457,haiquynh06,1458
1458,Rumyh Fashion Style,1459
1459,Tổng kho đồ gia dụng QL,1460
1460,sumo98 store,1461
1461,Giày dép Trường Hằng,1462
1462,TT8695,1463
1463,Giày dép Hằng Trường,1464
1464,Shop Giày Song Ngọc,1465
1465,khangtranduyshop,1466
1466,ShopDUMPS,1467
1467,Dép Phụng,1468
1468,Tizinis,1469
1469,Việt Vân Online,1470
1470,Siêu thị vàng mã Thiên Hương Phước,1471
1471,SAM CLOTHINNG,1472
1472,Cỏ Boutique,1473
1473,solomonshoes,1474
1474,Shop Tường Ngọc,1475
1475,Gia Dụng Hiền Phương,1476
1476,TNT SKY,1477
1477,DONAVY SHOP,1478
1478,TINTINSTORE,1479
1479,vykhoastore,1480
1480,Dép Chiếu,1481
1481,Cửa Hàng Anh Quế,1482
1482,CiZi Fashion,1483
1483,GIA DỤNG THÔNG MINH HÀ THÀNH,1484
1484,VINAGU,1485
1485,HD Coperation,1486
1486,SONGNGỌC241,1487
1487,Anh Tuấn Shoes,1488
1488,HƯƠNG GIÀY,1489
1489,Nii No,1490
1490,Giày BiBi,1491
1491,KEN SHOPP,1492
1492,GIA DỤNG LONG BIÊN,1493
1493,DREAMSTORE,1494
1494,GIA DỤNG MART STORE,1495
1495,AIB Company,1496
1496,Laceva Official Store,1497
1497,Shop đồ cổ xưa,1498
1498,PKTShoes,1499
1499,Giày Dép Shop,1500
1500,BẢO BẢO MART,1501
1501,vucama Store,1502
1502,KTQ Online Store,1503
1503,Shop NTB,1504
1504,CheapStore,1505
1505,shopchuyensire,1506
1506,Giày Dép Thùy Phan,1507
1507,TomStore Giày Thể Thao Nam,1508
1508,ChaangBibi,1509
1509,Jamesshoes,1510
1510,ĐỒ GIA DỤNG HOMESTORE,1511
1511,Dép Sandanl đồng nai,1512
1512,TOM SHOP GIÀY THỜI TRANG NAM,1513
1513,smartTNT,1514
1514,Quang trung 75,1515
1515,SkyNight9999,1516
1516,Shopminh6868,1517
1517,Kho Chuyên Sỉ lẻ Dép,1518
1518,YaYa Group,1519
1519,Shop giày Phú Hồng,1520
1520,giaytiago,1521
1521,Linen Style,1522
1522,M Masler-MT,1523
1523,Đồ lót Thanh Thanh store,1524
1524,Nachidu68,1525
1525,YEDASHOP,1526
1526,Shop KT,1527
1527,HM Shop,1528
1528,GiayLeSang,1529
1529,Mira Official Store,1530
1530,BAZAS,1531
1531,UDANY OFFICIAL STORE,1532
1532,Chíp Ơi,1533
1533,Namquynhshop,1534
1534,Giày Trường Hải,1535
1535,shop giày dép thời trang,1536
1536,VNVIVO,1537
1537,AFADA STORE,1538
1538,ORSIL OFFICIAL STORE,1539
1539,kid fashion,1540
1540,GIÀY GIA VY,1541
1541,Giaydaviethung,1542
1542,Giày Dép Thanh Thanh,1543
1543,Lân Sport,1544
1544,DetaUnisex,1545
1545,gaconshopq11,1546
1546,DNTN Nông Nghiệp Hiệp Thành,1547
1547,Hương Shoes,1548
1548,ShopVikkey,1549
1549,Minmi Shop,1550
1550,Giày Chất Store,1551
1551,Kho Tổng Hợp 86,1552
1552,Bảo hộ lao động phúc vinh,1553
1553,TABA,1554
1554,Giày da thật 24H,1555
1555,X86 FASHION,1556
1556,Share Shop,1557
1557,Spishop,1558
1558,khodolot88,1559
1559,Chất Store 247,1560
1560,Giày da VN24H,1561
1561,Tin11 Shop,1562
1562,Sans Shop Fashion,1563
1563,Shop Hải 74,1564
1564,Shop Giày Spi,1565
1565,Phụ Kiện Leather,1566
1566,Giày dép Minh Hiếu,1567
1567,GIÀY DÉP PHÚC UYÊN,1568
1568,Spi Shop,1569
1569,FORMEN SHOP,1570
1570,XeDapBacKan,1571
1571,Maxshop Độc,1572
1572,Beo Chan Chan Tất Vớ Phụ Kiện,1573
1573,Shop hùng khang,1574
1574,Giadungdoisong ducthien,1575
1575,Shoes TiTi Đô,1576
1576,VẬT DỤNG XANH HOÀNG MAI,1577
1577,Phatdat,1578
1578,ONOFF,1579
1579,KLshop123,1580
1580,Thu Phương Tem Tiền,1581
1581,BELIFA STORE,1582
1582,Jay_shop,1583
1583,Topcomshop VN,1584
1584,Plaza Luxury,1585
1585,Giày thủ đô,1586
1586,Handomart,1587
1587,HƯNG THỊNH SHOP,1588
1588,Kemnghiaminhtam,1589
1589,CAVADO SPORT,1590
1590,QUANG ANH FASHION,1591
1591,Pettino,1592
1592,BẢO HỘ LAO ĐỘNG SGA,1593
1593,Kho Giầy Nam Hằng,1594
1594,Shop 888,1595
1595,Tân Phong Shop,1596
1596,Đồ bộ trung niên 1,1597
1597,Happyshoes,1598
1598,Gia đình fashion shop,1599
1599,Shop MTT,1600
1600,Đồ Bộ Trung Niên Nữ,1601
1601,KT store,1602
1602,Đức Hiệp Store,1603
1603,GH Store,1604
1604,giagoc24h,1605
1605,GIÀY THỂ THAO 22,1606
1606,Kho Sỉ Mẹ Và BÉ BẮC NINH,1607
1607,Hai Fashion,1608
1608,AZARASTORE,1609
1609,Safe1,1610
1610,Giày Nam Gic Shop,1611
1611,SODOHA OFFICIAL ,1612
1612,Series7 Shop Promotion,1613
1613,Trường Giang Sneaker,1614
1614,Bảo hộ lao động NTU,1615
1615,Gins Store,1616
1616,SHOP HÀ MY TỔNG KHO GIÀY,1617
1617,Giày Thể Thao GEMI,1618
1618,Arezin,1619
1619,MiuMon Shop,1620
1620,MENDO,1621
1621,Giày Avi,1622
1622,STS Store,1623
1623,UNISTORE DÉP XANH,1624
1624,SUMO97 STORE,1625
1625,DASHOP,1626
1626,Hương quế shop,1627
1627,Vua Dép Lốp,1628
1628,Jzo Store,1629
1629,Linh Chee,1630
1630,Maison Online,1631
1631,COBACOOK,1632
1632,Anstore Đồ Gia Đình,1633
1633,Nấm House,1634
1634,LÊ ANH COMPANY,1635
1635,Biti’s Official Store,1636
1636,Thiết Bị YTế,1637
1637,shoping86,1638
1638,KEEDO Official Store,1639
1639,Giày Dép Sandal,1640
1640,Pierre Cardin International,1641
1641,Shop Dép Ánh Dương,1642
1642,Havaianas Official Store,1643
1643,An Tín Store,1644
1644,Bioline store,1645
1645,GIAYHANAM,1646
1646,TiTi Đô,1647
1647,TiTi ĐÔ Shop,1648
1648,Dép Da Bò Siêu Bền HaLiTa,1649
1649,Siêu Thị Giày Dép BaTo,1650
1650,Giày Thái Lan,1651
1651,Giày Dép Da Sài Gòn,1652
1652,Giay dep Casual Shoes,1653
1653,GIÀY DÉP MINH QUANG,1654
1654,Dép Trấu Store,1655
1655,Peak Official Store,1656
1656,Shop Giày Mỹ Hạnh,1657
1657,Thời trang phụ kiện 6868,1658
1658,LYNA Sandal,1659
1659,Giày SAGO’S,1660
1660,Trang Phục Biểu Diễn TN Store,1661
1661,Steps Việt Nam,1662
1662,Giày dép RYNA,1663
1663,Bita's Official,1664
1664,Vatis,1665
1665,Giày dép nữ TK,1666
1666,META SHOP,1667
1667,thoitrangzone,1668
1668,BANULI,1669
1669,Giaydep24h,1670
1670,Giày thể thao nam Tomstore,1671
1671,Lucky Shoe,1672
1672,Giày Gia Khánh,1673
1673,Hà Nam Giày,1674
1674,localshoes chelseabootsmen,1675
1675,Shop Đồ Lính ARMY,1676
1676,TEFOSS OFFICIAL VIỆT NAM,1677
1677,shopgiaynamtriviet,1678
1678,Giày Nam 2H,1679
1679,Giày Nam Minh Tâm,1680
1680,Shop NKCons,1681
1681,ĐĂNG KỶ,1682
1682,dodatriviet,1683
1683,Siêu Mốt Giầy,1684
1684,SHOP NGỌ LAN,1685
1685,TATHANIUM FOOTWEAR,1686
1686,xuonggiaynamtriviet,1687
1687,Sbutan Store Official,1688
1688,Shop Giày 360,1689
1689,NAboutique,1690
1690,Giày nam bảo hân,1691
1691,Duky Store,1692
1692,MAD Shoes,1693
1693,Dust Store,1694
1694,GLORY SHOP,1695
1695,Đồ Bơi Váy Ngủ Sexy Back,1696
1696,LS Store,1697
1697,TIBAS,1698
1698,Pong Decor,1699
1699,12 Destiny,1700
1700,Shop Xumi House,1701
1701,Giày dép da Hiếu Ngọc,1702
1702,BẢO HỘ LAO ĐÔNG HÒA BÌNH,1703
1703,TUNGANDY267,1704
1704,CỬA HÀNG THỜI TRANG ĐỒ DA NAM MENUP,1705
1705,Bảo hộ lao động phương nguyệt,1706
1706,Giày Bền Đẹp,1707
1707,SHOP T và TRA,1708
1708,Cole Haan Official Store,1709
1709,SH0P NHƯ Ý,1710
1710,Giày Nam Bảo Linh,1711
1711,HOUDITA,1712
1712,ECCO Official Store,1713
1713,Thế giới giày da nam 936897819,1714
1714,Fittop Store,1715
1715,JOE Store,1716
1716,SHOOZ,1717
1717,82SHOES,1718
1718,Gia dụng tổng hợp68,1719
1719,Bamboo shop,1720
1720,Phụ Tùng Máy Nông Nghiệp Việt Dũng,1721
1721,Thời trang trung niên Ricky Men,1722
1722,Peace Shoes of Peace Official Store,1723
1723,Dincox Official Store,1724
1724,Đồ thờ Quỳnh Anh,1725
1725,Một đôi giày,1726
1726,THỜI TRANG NAM NỮ HQ,1727
1727,BIOLINE OFFICIAL STORE,1728
1728,Cons Đà Lạt,1729
1729,sieuthibodeduyen,1730
1730,MLB Vietnam,1731
1731,Bùi Hằng Boutique,1732
1732,Khogiay22,1733
1733,Step shop,1734
1734,Frey Vietnam,1735
1735,Thế Giới Giày Da,1736
1736,BunBunFashion,1737
1737,Sandal SanSan,1738
1738,bảo hộ lao động hoàng ngọc dung,1739
1739,THE BILY STORE,1740
1740,Dépcaosu VuaDépLốp PHẠMQUANGXUÂN,1741
1741,GS shop online,1742
1742,SIMIER store,1743
1743,Halo Store,1744
1744,Shop Minh Luân 16,1745
1745,A Little Corner,1746
1746,Buenasshop,1747
1747,MoonsShop,1748
1748,Mạnhanhshoes,1749
1749,Vento Hcm,1750
1750,happyjew,1751
1751,ONE BI STORE,1752
1752,Shopnhameo21,1753
1753,TOMOYO,1754
1754,HATILO STORE,1755
1755,giày thể thao nam,1756
1756,Giầy dép SAFA xuất khẩu,1757
1757,Giày DaNeO,1758
1758,IMSPORTS,1759
1759,HUUCUONG OFFICIAL STORE,1760
1760,HQC SHOES,1761
1761,STORE ĐỒ GỖ MINI,1762
1762,ChristinA-Q,1763
1763,CAVINO STORE,1764
1764,Banuli Shoemaker,1765
1765,GIÀY BẢO HỘ CHẤT,1766
1766,Tomshoes,1767
1767,Trang Outlet Store,1768
1768,SunMens,1769
1769,POPfashion Store,1770
1770,Siêu Thị Đà Lạt,1771
1771,Phanđệ store,1772
1772,TAVU SHOE STORE,1773
1773,Da Giày Việt Nam,1774
1774,Adosa Shoes,1775
1775,5S shoes,1776
1776,SAN STORE,1777
1777,AVOCA OFFICIAL,1778
1778,Smart Store,1779
1779,Tổng Kho Đồ Chơi High Store,1780
1780,Giày Nam Comback,1781
1781,High store,1782
1782,DINERO86,1783
1783,Minion Clothing,1784
1784,247Shop,1785
1785,Hamihomes,1786
1786,Duvis Xưởng Da Bò Chu Hải Nam,1787
1787,Tenno,1788
1788,House Shoes,1789
1789,PHỤ KIỆN GIÀY XIMO,1790
1790,Dép massage vinalogi,1791
1791,haopo,1792
1792,Nam Hưng Sports,1793
1793,EZPC Thế giới trang trí máy tính,1794
1794,Phụ Kiện Giày buybox,1795
1795,Deen,1796
1796,tontestore,1797
1797,Gia Dụng Số,1798
1798,MuaAu Shop,1799
1799,Bách Hóa 668,1800
1800,Devil Shop Thời Trang Unisex,1801
1801,AZMAN,1802
1802,Giày Bảo Hộ Lao Động 2Th,1803
1803,Tuxedo Phụ kiện giày dép,1804
1804,Crep Protect VN,1805
1805,CỬA HÀNG CHUYÊN ĐỒ CHƠI TRẺ EM,1806
1806,Shop Dũng Hà,1807
1807,Pega88,1808
1808,Bách Hóa VInh Đạt,1809
1809,Doni86,1810
1810,Giầy dép xuất khẩu KT,1811
1811,HIM STORE 98,1812
1812,GIAYDACAUTIACHOP,1813
1813,Shop Yumi Điệu,1814
1814,Mỹ Nghệ Bích Ngọc,1815
1815,CKC DR,1816
1816,GiaydaSigourney,1817
1817,Shop đồ chơi thông minh thánh gióng,1818
1818,TAVANA,1819
1819,BaoAn Home,1820
1820,nhimshop,1821
1821,SCC Group,1822
1822,Bảo Hân Store 68,1823
1823,Nemmart,1824
1824,Mỹ phẩm Trinh Store,1825
1825,Tạp hoá nhà Milk,1826
1826,Đức Tuấn Shop,1827
1827,Trading 247,1828
1828,Tuleshop,1829
1829,CTY TNHH TM NGA MY,1830
1830,GOLDCARE,1831
1831,hotdeal365,1832
1832,Pcshop,1833
1833,Tiện Ích Home,1834
1834,HKmarket Việt Nam,1835
1835,SPORT9.VN,1836
1836,Gofit Shop,1837
1837,DTC Việt Nam,1838
1838,Ngôi Nhà Hiện Đại,1839
1839,Mis Pies - Nước Hoa Cho Giày,1840
1840,Mỹ Nghệ Kim Yến,1841
1841,Mon Bắp,1842
1842,MINH Crafts,1843
1843,3pladies,1844
1844,Trâm AnhNgọc Shop,1845
1845,SHOP NHẬT 247,1846
1846,HC MART,1847
1847,StoreGibaa,1848
1848,Allmall,1849
1849,Enito,1850
1850,Us Hunter,1851
1851,HAHANCO,1852
1852,Shop Thiên Thai,1853
1853,Shop Mỹ PhẩmThu Hiền,1854
1854,Locnamviet,1855
1855,VinhQuang91,1856
1856,Mỹ Nghệ Phương Chi,1857
1857,TRẦN THỊ THANH LOAN,1858
1858,Đại lý Giày BQ tại Mỹ Tho,1859
1859,MỸ NGHỆ HÀ TIẾN,1860
1860,Thecobbler Sneaker Protection,1861
1861,Phương Phương Store,1862
1862,Hàng Gia Dụng Store,1863
1863,DƯỢC PHẨM MINH HƯƠNG,1864
1864,MINPRO STORE,1865
1865,Thế Giới Tuổi Thơ VN,1866
1866,shopbeebee8084,1867
1867,NAM HẰNG SPORT,1868
1868,ATCARE88,1869
1869,Soaicanen Shop,1870
1870,8hours,1871
1871,HOÁ PHẨM SÀI GÒN,1872
1872,Noli Handmade,1873
1873,Phụ kiện công nghiệp BB,1874
1874,Tentpro,1875
1875,Shopprs,1876
1876,1993 Shop Fashion,1877
1877,Kroco Shin,1878
1878,VinaRed,1879
1879,An Nhiên Beauty And Fashion,1880
1880,CreamCookie Baking Tools,1881
1881,Yêu Bếp Nghiện Nhà 1409,1882
1882,Pat Care,1883
1883,SongLong Store,1884
1884,thutrang34,1885
1885,Hàng tiêu dùng nhập khẩu Shop,1886
1886,Gala Shop,1887
1887,TonyHouse,1888
1888,HIBARWELL,1889
1889,THAFA,1890
1890,KM Market,1891
1891,BÀO NGƯ,1892
1892,BiotopcareHN,1893
1893,Beauty Formulas Store,1894
1894,Asobu AU,1895
1895,Shop Tramxinh,1896
1896,Tổng Kho MB,1897
1897,NGÂN HÀ SHOP,1898
1898,Sư Tử Vàng,1899
1899,AT HOME,1900
1900,sieuthiat68,1901
1901,Việt Hoàng Family,1902
1902,CTy   DCN Việt Nam,1903
1903,SHOP PHỤ KIỆN VÀ CHĂM SÓC Ô TÔ,1904
1904,Chăm Sóc Giày The Mix,1905
1905,Bách hóa tổng hợp 168,1906
1906,Nhỏ Phương Store,1907
1907,BAOTRAN STORE,1908
1908,Modeco Official Store,1909
1909,CUỐI TUẦN,1910
1910,Hoagao,1911
1911,Konni39 Obaha,1912
1912,AZ HOME,1913
1913,Ngoc LinhStore,1914
1914,Konkashop,1915
1915,HanHanStore,1916
1916,Hạt Giống Vui Vẻ,1917
1917,Luciostore,1918
1918,Gia Dụng Phúc Thanh,1919
1919,anhhuyenstore,1920
1920,shop đồ chơi công nghệ mới,1921
1921,Đồ Lót Maika,1922
1922,CTSstores,1923
1923,shoplucky39,1924
1924,KIMI MARTKET,1925
1925,Cửa hàng Mạnh Dũng,1926
1926,tongkhoxuantruong,1927
1927,Cửa hàng Phương Phương,1928
1928,Chuyên sỉ Giá Siêu tốt,1929
1929,gia dụng tiện ích thái bình,1930
1930,MODDA,1931
1931,Gia Dụng TM68,1932
1932,Siêu Thị KM,1933
1933,Thọ Lê Shop,1934
1934,Khải Minh Store,1935
1935,Nano Store,1936
1936,Bảo Khánh Store,1937
1937,Shop Thời Trang Hana,1938
1938,Shop Chi Túi xách nam nữ,1939
1939,Túi xách Minh Anh,1940
1940,Pi Beauty Candles Warming Lamp,1941
1941,HP Group,1942
1942,LysaFashion,1943
1943,Tuanhyshop,1944
1944,GUPO OFFICIAL STORE,1945
1945,New4all (Tp.HCM),1946
1946,ZuCi Shop,1947
1947,MEDiCARE Official Store,1948
1948,Velasboost official,1949
1949,SMICE HOUSE,1950
1950,HARRY STORE Chuyên Sỉ Lẻ Phụ Kiện,1951
1951,NITORISHOP,1952
1952,Túi ví Ngọc Lệ,1953
1953,Mỹ phẩm thuận khang,1954
1954,saonew,1955
1955,ROTEKHOME,1956
1956,TRE LÁ ĐẠT THÀNH 01,1957
1957,Cói Vintage Tiệm nhà Sakj,1958
1958,Gia Dụng Homeindex,1959
1959,NgocDiep House,1960
1960,Winner Store,1961
1961,shopthoitrangductien,1962
1962,Ily1986,1963
1963,LINHBERRY SHOP,1964
1964,xinhonline,1965
1965,Miha,1966
1966,SABLANCA,1967
1967,ĐẠI LÝ THIẾT BỊ Y TẾ NAM SÔNG HƯƠNG,1968
1968,liyanshop,1969
1969,Đồ sơ sinh đầy đủ mẹ và bé,1970
1970,SHOP TÓC GIẢ KẸP,1971
1971,Tổng kho đồ dùng mầm non Hiền Yến,1972
1972,carrot xinhdep,1973
1973,Trang phục biểu diễn Dũng Trum,1974
1974,Nhasachvietanh,1975
1975,Lan Anh Mask,1976
1976,Cái tiệm tạp hoá,1977
1977,Túi Đeo Chéo 88,1978
1978,Ryuna túi xinh,1979
1979,Tiệm Nhà Ivy,1980
1980,Aó Váy xinh,1981
1981,Con yêu store,1982
1982,GIA ĐÌNH NHỎ,1983
1983,Nhân Sinh Chi Mộng,1984
1984,chuyên giấy dán tường aqa,1985
1985,Đồ lam Đi chùa,1986
1986,Nubabe House,1987
1987,Lam Em Shop,1988
1988,Văn Phòng Phẩm Bảo An,1989
1989,Muasam247,1990
1990,GauGauShop,1991
1991,Tiệm của Mì SG,1992
1992,Giadungtienich247,1993
1993,Thời Trang Hoàng Yến TN,1994
1994,JANNY DUONG,1995
1995,Thời Trang Nam Nữ Hot Trend,1996
1996,Diệp Linh,1997
1997,Hamian Store,1998
1998,YOUR LITTLE SHOP 88,1999
1999,Kim Huệ Cosmetic,2000
2000,ONE SHOP 123,2001
2001,Đại Lộ Gia Dụng,2002
2002,Shop Túi,2003
2003,Chammart - Phụ Kiện Thông Minh,2004
2004,Bao Bì Khả Anh,2005
2005,VimMmy Fashion,2006
2006,Bé Khoẻ Và Mẹ Đẹp,2007
2007,Shopmeo48,2008
2008,GIA DỤNG HB247,2009
2009,Nhatmua,2010
2010,Thủy sinh Thuận Thu,2011
2011,Nppkimvan,2012
2012,RikaBinh Minh,2013
2013,Vytaco Flower,2014
2014,HoB,2015
2015,AURUM GROUP,2016
2016,Heraluxury,2017
2017,Nhà Sách Linh Linh,2018
2018,Linh Chii Store,2019
2019,chaxishop,2020
2020,Ngaos,2021
2021,LMCATION,2022
2022,Passion Decor,2023
2023,Gia Dụng Đời Sống Tiện Ích,2024
2024,cửa hàng 45,2025
2025,diemnganq7,2026
2026,Tổng kho gia dụng Ngọc Thúy,2027
2027,TUYET ANH SHOP,2028
2028,iBasic Official Store,2029
2029,Love Me,2030
2030,Siêu thị túi đóng gói Elas House,2031
2031,LOAN Handcrafted,2032
2032,Kim Duyên Style Unisex,2033
2033,BeeMega,2034
2034,Fiu Bagstore,2035
2035,Guitar MinMusic,2036
2036,NỘI Y BIGSIZE QBL,2037
2037,Xưởng May 9x,2038
2038,Quê Một Cục,2039
2039,Shop trang ngoc,2040
2040,SGmua Store,2041
2041,Túi xách nữ Lonakeng,2042
2042,Gia dụng long anh 966,2043
2043,Rili Clothing,2044
2044,GaoInu,2045
2045,Trung Nguyên Legend Official,2046
2046,YUMI88,2047
2047,BOCHIE,2048
2048,Midori Luxury,2049
2049,Hàng Tiêu Dùng 24h,2050
2050,Giadungnamhien,2051
2051,BẢO NGỌC LINH TRẦM,2052
2052,Bokashop,2053
2053,Diệu KP90,2054
2054,SONSON Handicraft,2055
2055,Popopanda-Balo túi xách thời trang,2056
2056,Trang sức 2L,2057
2057,Thuytrinhhouse,2058
2058,starhungyen,2059
2059,QUANG HIẾU STORE,2060
2060,Phụ Kiện Ô Tô 003,2061
2061,An Nam Vận,2062
2062,Cửa Hàng Phát Huy Hoàng,2063
2063,AnHưngshop20,2064
2064,Phụ kiện giới trẻ,2065
2065,Cua Đồng,2066
2066,Bọc Chìa Khóa Ô Tô,2067
2067,VIVI 88,2068
2068,Siêu Thị Phúc Minh,2069
2069,Siêu Thị Nhập Khẩu,2070
2070,JYiiShop,2071
2071,SUNFLOWER,2072
2072,Suri shop-Bảo Vy,2073
2073,Hoàng Yến Oanh,2074
2074,JaneVShop,2075
2075,SanSan Store,2076
2076,VPP PHAN GIA,2077
2077,Bibee cosmetics,2078
2078,KIỀU DUYÊN,2079
2079,LYKOE STORE,2080
2080,Bóp Da Nam Nữ,2081
2081,thuydung060793,2082
2082,TV Eco-Craft,2083
2083,Thế Giới HP Shop,2084
2084,AUTO MATE,2085
2085,Butterfly And Pony Shop,2086
2086,hahihi store,2087
2087,Hpet shop thú cưng,2088
2088,Nhà Mỵ Shop,2089
2089,MOON85,2090
2090,Ban Dương Handmade,2091
2091,Ori Handicraft fashion,2092
2092,Kakao Friends Vietnam,2093
2093,MUANHANH,2094
2094,Bum Store Ốp Lưng Galaxy,2095
2095,Shop Hoa Hồng Q9,2096
2096,Meof Store,2097
2097,Kute Land,2098
2098,Dĩ Hòa Vi Quý,2099
2099,LuxuryNeverMore,2100
2100,PHONG THỦY TÔ TÂM QUANG,2101
2101,CHOOSE ME,2102
2102,KHOCHONNMUA,2103
2103,NiNi Clothes,2104
2104,MARHENJ Offcial Store,2105
2105,KhoiStore73,2106
2106,TaMiTechMart,2107
2107,Ru Sleepwear,2108
2108,Soon,2109
2109,Nam châm OneMag Việt Nam,2110
2110,TRANG Phục Sand Fashion,2111
2111,Mocmoc handmade,2112
2112,Shophukienam,2113
2113,Thái Anh shop,2114
2114,DecorMe,2115
2115,Gấu Bông Sóc Nhí,2116
2116,đồ câu Hamilton,2117
2117,Khăn Lụa tơ tằm SenSilk,2118
2118,Shop Ngọc Boutique,2119
2119,Tranh Tô Màu,2120
2120,Nai aquarium,2121
2121,lehandmade,2122
2122,chăn ga gối mùng màn,2123
2123,Kho hàng Nguyễn Thúy Sài Gòn,2124
2124,SUNTECH SMARTHOME,2125
2125,Shop Mai,2126
2126,THIẾT BỊ VỆ SINH NHẬT THÀNH,2127
2127,Shop Ping Ping,2128
2128,Bách Hóa Vạn Thiện,2129
2129,Sinh Đôi,2130
2130,Home decoration,2131
2131,Yesbuy Store,2132
2132,Gshop Lola 456,2133
2133,Chăn Ga Xinh 1,2134
2134,Wacoal Official Store,2135
2135,Metic Care,2136
2136,Đồ Thờ Bảo Lộc,2137
2137,Mâyy Shoes,2138
2138,Bán Buôn Gia Dụng,2139
2139,TRANG SỨC BẠC TA CAO CẤP,2140
2140,Quà tặng lưu niệm LGD,2141
2141,Miinhanbag210,2142
2142,Bách Hóa Cần Câu,2143
2143,LeoVatinoStore,2144
2144,Shop Cần Câu Máy Câu,2145
2145,ĐOÀN VIỆT,2146
2146,Cần Câu Cá Giang Nam,2147
2147,Kệ Trang Sức,2148
2148,Thế Giới Cần Câu Giang Nam,2149
2149,Cửa hàng đồ chơi trẻ em Như Nguyệt,2150
2150,Thiet Bi Y Te Vi Na,2151
2151,KKJSTORE2022,2152
2152,Shop Hải Túi,2153
2153,LuckypetShop,2154
2154,GS Store,2155
2155,MarBaHa,2156
2156,HuyHoang Camera,2157
2157,Phụ kiện bông nail,2158
2158,Xương Rồng Nhỏ,2159
2159,Xưởng Tranh Ngọc Thịnh,2160
2160,vuachănga,2161
2161,Họa Mi Stationery,2162
2162,GiaDụng Đoàn Việt,2163
2163,Tổng Kho Cần Câu,2164
2164,Techsshop,2165
2165,sunshineshop1983,2166
2166,buzyshop,2167
2167,FURANO BẾN THÀNH,2168
2168,Omi Pharma,2169
2169,Túi Xách HoTy,2170
2170,ÓNG SILK,2171
2171,CỬA HÀNG SEN VÒI GK,2172
2172,Nutushop,2173
2173,YoloStore,2174
2174,VITUNI,2175
2175,Sweetiee Shop,2176
2176,Thế giới túi xách 1985 Store,2177
2177,Huongtra99,2178
2178,Túi xách thời trang 88,2179
2179,BÁCH HÓA JDMART,2180
2180,Emifashion,2181
2181,Modi modi,2182
2182,TUKADO Official Store,2183
2183,Thời trang Lê Nguyên,2184
2184,Túi Xách Xinh Mỹ Quà,2185
2185,Tiệm túi Khải Nhi,2186
2186,AlaShop,2187
2187,1991 Style,2188
2188,Túi xách Tiên Sói,2189
2189,EXULL OFFICIAL,2190
2190,Yams Closet,2191
2191,MXLUXURY,2192
2192,Nguyên liệu hoa Handmade,2193
2193,NgaHuyen Store,2194
2194,Hạnh Dương Official,2195
2195,GIÀY KENBO STORE,2196
2196,Đậu Bé Store X86,2197
2197,NHÀ MỊ OFFICIAL,2198
2198,Anton Leather,2199
2199,EinStore,2200
2200,WWStore,2201
2201,OLV Boutique,2202
2202,BigNine,2203
2203,ELLY Handbag Store,2204
2204,vietlavani shop,2205
2205,Vinkyshoptk,2206
2206,GINKO CANVAS STORE,2207
2207,Công Ty TNHH Máy In Thiên Phat,2208
2208,Zadoza Shop - Phụ kiện thời trang,2209
2209,KATHY HOUSE,2210
2210,Hibi Sports Official,2211
2211,VASCARA OFFICIAL STORE,2212
2212,Ding Ding Shop,2213
2213,Trang Sức Moon,2214
2214,Kita Unisex,2215
2215,The Underdog Brand,2216
2216,TƯỜNG HUÊ SHOP,2217
2217,Lovelyladyshop,2218
2218,tiệm túi tote bypat,2219
2219,Chuồn chuông boutique,2220
2220,Sollle Store,2221
2221,Dirty Coins Official Store,2222
2222,NanHouse Tote,2223
2223,Tú Anh handbags,2224
2224,Thời Trang IMC STORE,2225
2225,Voi store,2226
2226,Green Taste and Lotus Tín Khang,2227
2227,Gem clothing,2228
2228,LazyBox Accessories,2229
2229,FASHIONSTORE,2230
2230,Limiashop,2231
2231,Litisg,2232
2232,Urra Store,2233
2233,CỬA HÀNG BÁCH HÓA SÀI PHỐ,2234
2234,Chuyện của Nhà ESTD,2235
2235,nabishop1234,2236
2236,Mua sắm Xanh,2237
2237,Cầu vồng hạnh phúc,2238
2238,Suwin Store,2239
2239,Otisclub,2240
2240,Trại Cá Home,2241
2241,Xưởng may Mạnh Hương,2242
2242,suanstore,2243
2243,HỒNG NHUNG VPP,2244
2244,VinaMart247,2245
2245,KPOP ALL STARS,2246
2246,Keongot13,2247
2247,Xuân Lc,2248
2248,Yume86 Shop,2249
2249,Cam Cam Vintage,2250
2250,thekymoi,2251
2251,MiniHouse 123,2252
2252,M Dental Mart,2253
2253,Banamo Fashion Bigsize,2254
2254,túi vải tote NARABAG,2255
2255,CQA Boutique,2256
2256,PHAN LỆ & FRIENDS,2257
2257,MITECH SHOP,2258
2258,Heyday Cacao,2259
2259,Tiệm Tạp Hóa Nhà Bơ,2260
2260,iCase Hà Nội,2261
2261,ATIKIZ,2262
2262,Cherishbagandmore,2263
2263,Cộng Cà Phê Official,2264
2264,NaHi Shop,2265
2265,Dream Color,2266
2266,Khói Decor Đồ Trang Trí Quà Tặng,2267
2267,AN THƯ BOOK,2268
2268,Amey Store,2269
2269,gia dung house,2270
2270,Túi Vải TotsBAG,2271
2271,Kho gia dụng TH,2272
2272,TI NUONG SHOP ONLINE,2273
2273,Túi vải ghép lụa Vạn Phúc,2274
2274,Myca store,2275
2275,evian Facial Spray,2276
2276,Áo Game Sam Shop,2277
2277,M RRA Official Store,2278
2278,Nes Boutique,2279
2279,ENZYCO,2280
2280,MIKA,2281
2281,Shop Ba Mía,2282
2282,LANN JEWELRY,2283
2283,tuitui vn,2284
2284,htshop1,2285
2285,MeBeoli Shop,2286
2286,Hoi An Soul,2287
2287,Tanmy Design Official Store,2288
2288,Chichimo Shop,2289
2289,Yeon,2290
2290,BASIC STORE,2291
2291,PARADOX WORLDWIDE,2292
2292,Ifashion0110,2293
2293,Bon Bon 39,2294
2294,ELLY SƠN TÂY,2295
2295,CP Kid,2296
2296,Rainie Le Shop,2297
2297,Đào thủ công mỹ nghệ,2298
2298,n3thao,2299
2299,Onlystore,2300
2300,Nhà kiệt 7 Home Decors,2301
2301,Cửa hàng CNature,2302
2302,Hexagon,2303
2303,Doni House,2304
2304,JUNO,2305
2305,Sắc Việt Shop,2306
2306,newtuixachnu,2307
2307,HOMIE BAGS,2308
2308,Thùy Dương Stores,2309
2309,Zooler Official Store,2310
2310,HAPPY KIDS SG,2311
2311,KIỀU HANDMADE,2312
2312,Cỏ Home,2313
2313,Quân Fashion Store,2314
2314,AnyBabyShop,2315
2315,Máy may gia đình,2316
2316,Perfectmix,2317
2317,Túi Xách Nữ Cao Cấp Tuệ Khang,2318
2318,Bemiao M,2319
2319,INC Gia Dụng,2320
2320,Bách Hoá Huyền Trang,2321
2321,Shop Thời Trang DN,2322
2322,XUANsHome,2323
2323,Đại Lý Cần Câu Máy Câu,2324
2324,ClownZStreetwear,2325
2325,Giày Dép Chikem89,2326
2326,NHATRA SHOP,2327
2327,ONGTRE,2328
2328,Misu Đồ làm bánh,2329
2329,Owl Energy,2330
2330,LinhNguyenStore,2331
2331,myphungstore,2332
2332,Cửa Hàng Của Fuu,2333
2333,GuBasic,2334
2334,Mamixink,2335
2335,THỜI TRANG TRUNG NIÊN NỮ,2336
2336,Gia Định Maket,2337
2337,Pink Ohara Leather,2338
2338,kizata,2339
2339,MyTa Shop,2340
2340,Giày Tâp Đi Cho Bé,2341
2341,PHUC TAN GROUP,2342
2342,Tổng Kho 801,2343
2343,YORN Official Store,2344
2344,Củ Khoai Store – The Ugly Potato,2345
2345,Gấu Bông Burin,2346
2346,HOUSEWARE MINH CHÂU,2347
2347,Tinbear store,2348
2348,Nhà Puka Len Handmade,2349
2349,Petite Garage,2350
2350,HẠNH SƠN LEATHER,2351
2351,Ann Hime Studio,2352
2352,shop mecutit,2353
2353,GIA DỤNG HÀ LINH,2354
2354,HUYNAM,2355
2355,DOBONU Eshop,2356
2356,Kha Đây Nè,2357
2357,GIRLIE VN,2358
2358,BOYBON Garden,2359
2359,SAVVY STORE,2360
2360,Shop Bin Bin,2361
2361,Si Si store,2362
2362,Hàng Gia Dụng Q9,2363
2363,HapuShoes,2364
2364,GẠO - HOME DECOR,2365
2365,Thời Trang Xuân Hằng,2366
2366,Gia Dụng Đồ Nhựa,2367
2367,Thu Huệ Shop,2368
2368,Pham Fashion,2369
2369,GIAY89,2370
2370,Thế giới giầy Eva,2371
2371,Giày Khánh Linh,2372
2372,EROSSKA VIETNAM,2373
2373,Nhà Xinh MiA,2374
2374,Bách Hóa PT,2375
2375,thoitrangmingsu,2376
2376,Shop Dép Đáng Yêu,2377
2377,Home 1989,2378
2378,Lạc Hồng Shop,2379
2379,Bloom Fashion VN,2380
2380,gia dụng kim biên,2381
2381,Shop Thiết Bị Vật Tư,2382
2382,Cửa hàng phụ kiện gia phước,2383
2383,HỆ THỐNG ĐỒ DA HT NEO,2384
2384,GIAPHUC SHOP,2385
2385,THẢO NGỌC SHOP,2386
2386,NKladies,2387
2387,fashionhaidang,2388
2388,WAO Fashion,2389
2389,HACHIKI,2390
2390,Pixie Việt Nam,2391
2391,Shop Giày Dép Nữ Ngọc Ánh,2392
2392,VNM Store,2393
2393,LavaPN,2394
2394,D&S Shop,2395
2395,Miqa shop,2396
2396,Giày dép An Nhiên,2397
2397,Giày Queenstore,2398
2398,Dori,2399
2399,Shop giày Minh Ánh,2400
2400,lynhshop,2401
2401,vietlavanihanoi,2402
2402,Hoài Anh,2403
2403,Nam Nhài Store,2404
2404,Vân Phương Shop,2405
2405,Shop Lan shoes 993,2406
2406,minateo2710,2407
2407,Xưởng Gốm TM Bát Tràng,2408
2408,YOLO shoes,2409
2409,Thời trang nam SILE,2410
2410,Ngọc Điệp 89 store,2411
2411,Xưởng đồ bộ,2412
2412,Anh giày store,2413
2413,Shop Giày Bình An,2414
2414,DAN INTERNATIONAL,2415
2415,VAPshop,2416
2416,Giày cao gót Lê Thư store,2417
2417,Evelynv Việt Nam,2418
2418,Anh giàyStore,2419
2419,Xuân shop,2420
2420,GLORY VIỆT NAM,2421
2421,Love Store,2422
2422,Kho Giày Cao Gót,2423
2423,Better Shoes,2424
2424,TRANH HỒ CÁ 3D NÀNG THƠ,2425
2425,Zinkistore,2426
2426,LYLYSPORTS CHUYÊN DỤNG CỤ THỂ THAO,2427
2427,Tuệ Tuệ Shop,2428
2428,ChokChok247,2429
2429,xuonggiaybanhbeosaigon,2430
2430,Giày Thời Trang Anh Khoa,2431
2431,Chinago store,2432
2432,Nganhashop,2433
2433,monkibaby,2434
2434,Nhang Đen Thủy Xuân Tiên,2435
2435,Huyền giày dép,2436
2436,Thời Trang Eva,2437
2437,Dẹo Shop,2438
2438,shop đẹp mãi,2439
2439,Kami Shop,2440
2440,Thời Trang NEIH,2441
2441,Giày Thể Thao Nữ Hot Trend,2442
2442,Duy Thành 345 Shop,2443
2443,blueshop68,2444
2444,City Kid,2445
2445,LamHouse90,2446
2446,Happylife,2447
2447,SH0PHER0,2448
2448,LikeBaby Giày dép trẻ em,2449
2449,Tổng kho buôn 88,2450
2450,NHÀ CỦA MẸ,2451
2451,Chacha Sweet,2452
2452,TiệnÍchHome,2453
2453,Shop Ánh Dương chăn ga,2454
2454,XINH ĐẸP HƠN,2455
2455,MinhAn1316,2456
2456,P3h Store,2457
2457,bekids thời trang trẻ em,2458
2458,Cửa Hàng Gia Dụng Hoài Hoài,2459
2459,VyVy FASHION STORE,2460
2460,MIU SHOP 17,2461
2461,Chi Anh Store,2462
2462,Assel gia dụng thông minh,2463
2463,PhuongLoan Store,2464
2464,MISODA STORE,2465
2465,TONGKHOONLINE,2466
2466,Bee Mart,2467
2467,Tre Việt,2468
2468,tik me,2469
2469,Đồ lót Nguyễn Thuỷ,2470
2470,Bếp tiện nhà sang,2471
2471,Tổng Kho Vật Tư Khách Sạn,2472
2472,Cửa Hàng Tuấn Anh,2473
2473,Hakieustore Đồ Dùng Khách Sạn,2474
2474,Guốc Mộc Lộc Cộc,2475
2475,DONA Thời Trang,2476
2476,MinhTu Shoes,2477
2477,Vincent Shop,2478
2478,Kuchimachic,2479
2479,SHOP Giày Dép Sài Gòn 688,2480
2480,Giày Dép Nữ Min Store,2481
2481,Cillie Official,2482
2482,BKSTORE GIÀY NỮ XINH,2483
2483,Giày cao gót thời trang rosata,2484
2484,Suối NguồnAn Khang,2485
2485,Xưởng Đồ Lót Hà Nội,2486
2486,Bé Cưng 93,2487
2487,Giày ROSATA tại BCASHOP,2488
2488,shopchuotxinh,2489
2489,Thỏ Xinh 050721,2490
2490,Giày SuBim Store,2491
2491,BKSTORE CHUYÊN GIÀY DÉP NỮ,2492
2492,Thushoes,2493
2493,DAN Organic Mart,2494
2494,ENAKO Shoes,2495
2495,Mys Shoes,2496
2496,Jewel STORE,2497
2497,giày da thật MV,2498
2498,Mozy Store,2499
2499,Jinashoes,2500
2500,GUMAC Official Store,2501
2501,Giày Thủy Tinh,2502
2502,Minh Châu boutique,2503
2503,Shop Giầy Bảo Khánh,2504
2504,Yume Concept,2505
2505,BLUEFACTORY9,2506
2506,Linh giày,2507
2507,Fascom Việt Nam,2508
2508,KAWAII X THE 17 CLUB,2509
2509,FFAN STORE,2510
2510,Giày cưới Nghé Art,2511
2511,TP Fashion Shop,2512
2512,Tiệm Giày Mít,2513
2513,cerafootwear,2514
2514,GIÀY CAO GÓT ĐẸP ROSATASG,2515
2515,Ngộ Storee,2516
2516,Gia dụng Pro Mart,2517
2517,Shop Hàng Quảng Châu Nhật Phạm,2518
2518,kalaa,2519
2519,Thời trang nữ công sở TP,2520
2520,SCOYCO,2521
2521,Thiết bị Phúc An,2522
2522,KiddyShop,2523
2523,Sao Shop,2524
2524,FS Collection,2525
2525,Wabisabiclothes Store,2526
2526,Đồ Múa Tịnh Nhi,2527
2527,Bảo Anhshop79,2528
2528,Giày Quỳnh,2529
2529,Trâm Anh 050721,2530
2530,Lithe shoe,2531
2531,Fujiwa,2532
2532,My happy star,2533
2533,Yenny Shop Áo sơ mi nữ,2534
2534,Bejo Giày Cưới Giày Đi Tiệc,2535
2535,Lady shops,2536
2536,BILANO,2537
2537,Lucky stall,2538
2538,Anina Store,2539
2539,Thom Nguyen Shop,2540
2540,Mimy Handmade,2541
2541,Nhus House,2542
2542,NABOO,2543
2543,WEDY STORE,2544
2544,Kerin Shoes giày nữ thiết kế,2545
2545,zuni shoes,2546
2546,GIÀY MORBIDOO,2547
2547,Western Mart,2548
2548,Truclypham82,2549
2549,Amo Store,2550
2550,Sachhayonline24h,2551
2551,happyhouseshop,2552
2552,Thế Giới Bé Yêu,2553
2553,AMOLA,2554
2554,Nông Trại Hoa Lan,2555
2555,ptkstore,2556
2556,thehanhsshop,2557
2557,Hdscooter Shop,2558
2558,Bé Tết Quần áo trẻ em,2559
2559,DECEMBERY,2560
2560,cominga,2561
2561,Giày Nữ HCM,2562
2562,Samhyewear,2563
2563,HT Store Mê Giày,2564
2564,Trang Sức Bảo Tín 88,2565
2565,Giày PN Store,2566
2566,Avashop Thời Trang,2567
2567,BonbonFashion,2568
2568,Giaydepvandung69,2569
2569,Gốm sứ Bát Tràng Gốm sứ Hà Trang,2570
2570,J Yoo House,2571
2571,Tam Kê Sports,2572
2572,MammotthStore,2573
2573,Chuyên Giày  Dép Cao Cấp,2574
2574,Nội Thất Nhà Xinh HP,2575
2575,PATEKIDS20,2576
2576,minmax26,2577
2577,mocwearshoppingonline,2578
2578,Dung Luu,2579
2579,HN Auto,2580
2580,Better Than Milktea,2581
2581,kho buôn linh hải,2582
2582,Shop Thời Trang Việt,2583
2583,WaitingStore,2584
2584,Army Box,2585
2585,Ong Store,2586
2586,Mimo Mart,2587
2587,Sunday Shoes,2588
2588,1955 Store,2589
2589,Tâm Trường Tín,2590
2590,ShopChoMoiNhaNo1,2591
2591,Journey menstyle,2592
2592,ONEZ Official Store,2593
2593,3con4 Shop,2594
2594,VẬT TƯ BẢO HỘ NGỌC KIÊN,2595
2595,Giày dép Anh Phương,2596
2596,Knight Store,2597
2597,SSquangchau,2598
2598,Motagna Fashion,2599
2599,Bản Mây Vintage,2600
2600,changbeostore,2601
2601,Aluha Shop GenZ Fashion,2602
2602,PHỤ KIỆN THIÊN MINH,2603
2603,GOODFIT OFFICIAL STORE,2604
2604,STAYTOWN,2605
2605,MINSU Official Store,2606
2606,An Phuong Store,2607
2607,ATOE STORE - Phụ Kiện Công Nghệ,2608
2608,GOMTAT,2609
2609,Hăngshoes,2610
2610,Cửa hàng giáo dục,2611
2611,Thái hà Store,2612
2612,ETCshop,2613
2613,Bra Rosie,2614
2614,HS Store,2615
2615,TFootball Thế Giới Bóng Đá,2616
2616,Siêu thị MTA-Mart,2617
2617,PHU SPORT,2618
2618,Godband Sports,2619
2619,shop hàng tiện ích hcm,2620
2620,Thời trang N N,2621
2621,GIADUNGSAIGON75,2622
2622,Chuẩn Mua,2623
2623,NDK Phukienxinh,2624
2624,VLC6 Store,2625
2625,Thể Thao Thiên Trường,2626
2626,Bảo hộ lao động Đại An,2627
2627,Inox Tuấn Anh,2628
2628,Shoptungchi13,2629
2629,Cty TNHH thiết bị vệ sinh Dacafa,2630
2630,Linh Bún Tokyo,2631
2631,HASHOP9999,2632
2632,DXGC shop,2633
2633,Thiên Di Nail,2634
2634,Đồ Câu Cha Già Vlogs,2635
2635,Hường Hiệu VPP và ĐC mầm non,2636
2636,My Garden,2637
2637,AHT Corp Official Store,2638
2638,Gia Dụng Trí Vũ,2639
2639,Homecare247,2640
2640,BIFO TOY Đồ chơi cho bé,2641
2641,The True Japan,2642
2642,Aquaria,2643
2643,Shop Thái Nhật Hàn,2644
2644,Nuty Store,2645
2645,Shop BLAKE,2646
2646,Shop HG,2647
2647,kimthanhsg78,2648
2648,Dolly Shop Baby,2649
2649,Thế Giới Cho Bé,2650
2650,Bách hóa online 368,2651
2651,TG MARKET,2652
2652,Mifan Official Store,2653
2653,Ashin store 2,2654
2654,Hoang Anh Cosmetics,2655
2655,moitruong673,2656
2656,SY WHY SHOP,2657
2657,GoodFunationalFoods,2658
2658,Kho Gia Dụng Linh Leo,2659
2659,Gia Dụng Thảo My,2660
2660,Phúc Nguyên SHOP,2661
2661,30s Chốt Đơn,2662
2662,Essenbee Official Store,2663
2663,Ribeto Group,2664
2664,Kho Minh Minh,2665
2665,CAROLINE – TINH DẦU XÔNG,2666
2666,Hi Kids Store,2667
2667,Shop Gia Dụng 83,2668
2668,MOON BUI STORE,2669
2669,Tài Bảo Home Care,2670
2670,ECODEALS,2671
2671,nguyen minh0701,2672
2672,LUCKY HOME STORE,2673
2673,Minh Minh Nhật,2674
2674,cssk shop,2675
2675,Mạnh Hùng đồ gia dụng,2676
2676,JP Market 24h,2677
2677,Vinabull,2678
2678,Bách hóa Mimi,2679
2679,Cuộc Sống Tiện Nghi,2680
2680,Nội Thất Thông Minh TT,2681
2681,thientrangq8,2682
2682,NaTomi Shop,2683
2683,Sun Group,2684
2684,Star Store,2685
2685,Shop Rando,2686
2686,Guimisi Store,2687
2687,TP Market,2688
2688,Chợ Tốt Auto,2689
2689,CH Thực Phẩm Chức Năng HM,2690
2690,Thebeauty,2691
2691,Lovely Stores,2692
2692,Shop gia dụng toàn quốc,2693
2693,Trangsocks,2694
